set sqlblanklines on
INSERT INTO adresse
(noAdresse, noCivique, rue, codePostal, ville, province)
VALUES
(1, '99314', 'Laura Shore', 'P2C2B9', 'Port Lindseymouth', 'MB');
INSERT INTO client
(NoClient, nomUtilisateur, nom, prenom, courriel, motDePasse, NoAdresse, numTel)
VALUES
(0, 'Knapp.Kaitlyn', 'Knapp', 'Kaitlyn', 'andersonmeagan@yahoo.com', '(8$@KLep8l', 1, '339.485.7651');

INSERT INTO adresse
(noAdresse, noCivique, rue, codePostal, ville, province)
VALUES
(2, '2417', 'Barnett Views', 'R8E8H9', 'Lloydside', 'BC');
INSERT INTO client
(NoClient, nomUtilisateur, nom, prenom, courriel, motDePasse, NoAdresse, numTel)
VALUES
(1, 'Hardin.Monica', 'Hardin', 'Monica', 'rhernandez@hotmail.com', '@C23Mug5fC', 2, '915.583.2857');

INSERT INTO adresse
(noAdresse, noCivique, rue, codePostal, ville, province)
VALUES
(3, '812', 'Alexandria Park', 'T9T2K6', 'North Alexander', 'MB');
INSERT INTO client
(NoClient, nomUtilisateur, nom, prenom, courriel, motDePasse, NoAdresse, numTel)
VALUES
(2, 'Glass.Joel', 'Glass', 'Joel', 'maria90@hotmail.com', '*BBQQ!YoR9', 3, '672-204-2826');

INSERT INTO adresse
(noAdresse, noCivique, rue, codePostal, ville, province)
VALUES
(4, '1675', 'Katelyn Vista', 'H9L4H3', 'Shannonshire', 'YT');
INSERT INTO client
(NoClient, nomUtilisateur, nom, prenom, courriel, motDePasse, NoAdresse, numTel)
VALUES
(3, 'Mckinney.Gerald', 'Mckinney', 'Gerald', 'rpierce@gmail.com', 'em*g^Hpr!5', 4, '698-973-2720 x086');

INSERT INTO adresse
(noAdresse, noCivique, rue, codePostal, ville, province)
VALUES
(5, '6677', 'Richard Fields', 'E3Y3R1', 'North Gregoryfurt', 'SK');
INSERT INTO client
(NoClient, nomUtilisateur, nom, prenom, courriel, motDePasse, NoAdresse, numTel)
VALUES
(4, 'Pratt.Timothy', 'Pratt', 'Timothy', 'mackdanielle@gmail.com', 'KwwkmKEf!3', 5, '343.275.5361');

INSERT INTO adresse
(noAdresse, noCivique, rue, codePostal, ville, province)
VALUES
(6, '1042', 'Forbes Lock', 'K7H1K4', 'Lake Lydia', 'NL');
INSERT INTO client
(NoClient, nomUtilisateur, nom, prenom, courriel, motDePasse, NoAdresse, numTel)
VALUES
(5, 'Short.Maureen', 'Short', 'Maureen', 'shane09@gmail.com', '_KFb9B#l$8', 6, '859-234-8064 x749');

INSERT INTO adresse
(noAdresse, noCivique, rue, codePostal, ville, province)
VALUES
(7, '915', 'Mercedes Bypass', 'G2S7P7', 'Jamesland', 'YT');
INSERT INTO client
(NoClient, nomUtilisateur, nom, prenom, courriel, motDePasse, NoAdresse, numTel)
VALUES
(6, 'Lara.Laura', 'Lara', 'Laura', 'robert30@hotmail.com', '6et36LYg!r', 7, '661 615 1644');

INSERT INTO adresse
(noAdresse, noCivique, rue, codePostal, ville, province)
VALUES
(8, '85727', 'Clay Wells', 'C9Y1E6', 'Torresberg', 'QC');
INSERT INTO client
(NoClient, nomUtilisateur, nom, prenom, courriel, motDePasse, NoAdresse, numTel)
VALUES
(7, 'Hammond.Danielle', 'Hammond', 'Danielle', 'veronicapope@yahoo.com', '*88NjAud!J', 8, '(656) 681-6583 x764');

INSERT INTO adresse
(noAdresse, noCivique, rue, codePostal, ville, province)
VALUES
(9, '98637', 'Daniel Summit', 'A7B7X6', 'North Chadstad', 'NS');
INSERT INTO client
(NoClient, nomUtilisateur, nom, prenom, courriel, motDePasse, NoAdresse, numTel)
VALUES
(8, 'Horn.Kelly', 'Horn', 'Kelly', 'smithamanda@yahoo.com', '8+BS*qaP_(', 9, '755-733-8264 x782');

INSERT INTO adresse
(noAdresse, noCivique, rue, codePostal, ville, province)
VALUES
(10, '278', 'Kim Plains', 'J7C8H8', 'South Gilbertstad', 'PE');
INSERT INTO client
(NoClient, nomUtilisateur, nom, prenom, courriel, motDePasse, NoAdresse, numTel)
VALUES
(9, 'Glass.Madison', 'Glass', 'Madison', 'cwoods@gmail.com', 'h(2ZF!7wj%', 10, '(630) 845-4545 x955');

INSERT INTO adresse
(noAdresse, noCivique, rue, codePostal, ville, province)
VALUES
(11, '3494', 'Allen Garden', 'T5J6B4', 'Morrisborough', 'AB');
INSERT INTO client
(NoClient, nomUtilisateur, nom, prenom, courriel, motDePasse, NoAdresse, numTel)
VALUES
(10, 'May.Angela', 'May', 'Angela', 'riosamy@gmail.com', 'v7jZNF2t%(', 11, '(399) 545-6618 x366');

INSERT INTO adresse
(noAdresse, noCivique, rue, codePostal, ville, province)
VALUES
(12, '533', 'Heather Stravenue', 'M6V8J3', 'South Scotthaven', 'QC');
INSERT INTO client
(NoClient, nomUtilisateur, nom, prenom, courriel, motDePasse, NoAdresse, numTel)
VALUES
(11, 'Casey.Cassandra', 'Casey', 'Cassandra', 'watsonmarie@gmail.com', 'y4m7FM3F^2', 12, '688.028.9637');

INSERT INTO adresse
(noAdresse, noCivique, rue, codePostal, ville, province)
VALUES
(13, '6600', 'Brandon Via', 'V4M3G4', 'Yorkchester', 'AB');
INSERT INTO client
(NoClient, nomUtilisateur, nom, prenom, courriel, motDePasse, NoAdresse, numTel)
VALUES
(12, 'Lawrence.Barry', 'Lawrence', 'Barry', 'ijensen@gmail.com', '3!@B2Q%sqe', 13, '724-298-9621 x693');

INSERT INTO adresse
(noAdresse, noCivique, rue, codePostal, ville, province)
VALUES
(14, '3128', 'Michelle Way', 'A8H3Y3', 'Thompsonchester', 'ON');
INSERT INTO client
(NoClient, nomUtilisateur, nom, prenom, courriel, motDePasse, NoAdresse, numTel)
VALUES
(13, 'Fox.Kevin', 'Fox', 'Kevin', 'alexandra26@hotmail.com', '5aS9lA_4%N', 14, '283-329-9404 x532');

INSERT INTO adresse
(noAdresse, noCivique, rue, codePostal, ville, province)
VALUES
(15, '6496', 'Spencer Stravenue', 'A2G5Y6', 'New Christinetown', 'QC');
INSERT INTO client
(NoClient, nomUtilisateur, nom, prenom, courriel, motDePasse, NoAdresse, numTel)
VALUES
(14, 'Ford.John', 'Ford', 'John', 'mejiamichael@yahoo.com', 'fSBSQlTAe5', 15, '(571) 404-2748 x089');

INSERT INTO adresse
(noAdresse, noCivique, rue, codePostal, ville, province)
VALUES
(16, '9534', 'James Views', 'T8E8P6', 'Port Michaeltown', 'ON');
INSERT INTO client
(NoClient, nomUtilisateur, nom, prenom, courriel, motDePasse, NoAdresse, numTel)
VALUES
(15, 'Watkins.Vicki', 'Watkins', 'Vicki', 'cooperjohn@hotmail.com', 'OP!1Ju+ool', 16, '1 (806) 497-2475');

INSERT INTO adresse
(noAdresse, noCivique, rue, codePostal, ville, province)
VALUES
(17, '4946', 'Martinez Lights', 'K2R9X2', 'East Kellyburgh', 'AB');
INSERT INTO client
(NoClient, nomUtilisateur, nom, prenom, courriel, motDePasse, NoAdresse, numTel)
VALUES
(16, 'Young.Mary', 'Young', 'Mary', 'nholmes@yahoo.com', '+#B7oKzw%G', 17, '+1 (820) 071-2243');

INSERT INTO adresse
(noAdresse, noCivique, rue, codePostal, ville, province)
VALUES
(18, '04727', 'Obrien Falls', 'Y1L3R7', 'Smithfurt', 'SK');
INSERT INTO client
(NoClient, nomUtilisateur, nom, prenom, courriel, motDePasse, NoAdresse, numTel)
VALUES
(17, 'Serrano.Nicholas', 'Serrano', 'Nicholas', 'rachelrobinson@yahoo.com', '77WK@S1G*i', 18, '(916) 596-5638');

INSERT INTO adresse
(noAdresse, noCivique, rue, codePostal, ville, province)
VALUES
(19, '76863', 'Butler Curve', 'P9E3N8', 'Englishstad', 'ON');
INSERT INTO client
(NoClient, nomUtilisateur, nom, prenom, courriel, motDePasse, NoAdresse, numTel)
VALUES
(18, 'Lopez.Amanda', 'Lopez', 'Amanda', 'nshaffer@yahoo.com', '!YBKV^t$f1', 19, '(825) 408-5604 x025');

INSERT INTO adresse
(noAdresse, noCivique, rue, codePostal, ville, province)
VALUES
(20, '2313', 'Bell Vista', 'C9Y1V9', 'South William', 'NB');
INSERT INTO client
(NoClient, nomUtilisateur, nom, prenom, courriel, motDePasse, NoAdresse, numTel)
VALUES
(19, 'Wilson.Marcia', 'Wilson', 'Marcia', 'alex27@gmail.com', '!6Fadlue3q', 20, '+1 (129) 087-3134');

INSERT INTO adresse
(noAdresse, noCivique, rue, codePostal, ville, province)
VALUES
(21, '7803', 'Wright Rue', 'N1J2N9', 'Allisonland', 'PE');
INSERT INTO client
(NoClient, nomUtilisateur, nom, prenom, courriel, motDePasse, NoAdresse, numTel)
VALUES
(20, 'Jones.Stacey', 'Jones', 'Stacey', 'lcantu@gmail.com', 'G5CYxvbl+O', 21, '1-234-816-6313');

INSERT INTO adresse
(noAdresse, noCivique, rue, codePostal, ville, province)
VALUES
(22, '17261', 'Santiago Parks', 'H6L7M5', 'Dakotaside', 'NV');
INSERT INTO client
(NoClient, nomUtilisateur, nom, prenom, courriel, motDePasse, NoAdresse, numTel)
VALUES
(21, 'Smith.Haley', 'Smith', 'Haley', 'pjames@yahoo.com', '(3T4XItli9', 22, '594-380-0463');

INSERT INTO adresse
(noAdresse, noCivique, rue, codePostal, ville, province)
VALUES
(23, '14078', 'Hall Spring', 'H3K9Y7', 'Annehaven', 'ON');
INSERT INTO client
(NoClient, nomUtilisateur, nom, prenom, courriel, motDePasse, NoAdresse, numTel)
VALUES
(22, 'Bennett.Rachel', 'Bennett', 'Rachel', 'williamsonashley@gmail.com', 'Xj*Cb3YgXS', 23, '854-131-0460 x271');

INSERT INTO adresse
(noAdresse, noCivique, rue, codePostal, ville, province)
VALUES
(24, '437', 'Brown Club', 'M5T6R5', 'Cooperton', 'SK');
INSERT INTO client
(NoClient, nomUtilisateur, nom, prenom, courriel, motDePasse, NoAdresse, numTel)
VALUES
(23, 'Bell.Tonya', 'Bell', 'Tonya', 'jenniferwilkerson@hotmail.com', '(vF2PjGPw4', 24, '630 618 1179');

INSERT INTO adresse
(noAdresse, noCivique, rue, codePostal, ville, province)
VALUES
(25, '116', 'Wendy Grove', 'M3X3T5', 'East Chadville', 'SK');
INSERT INTO client
(NoClient, nomUtilisateur, nom, prenom, courriel, motDePasse, NoAdresse, numTel)
VALUES
(24, 'Gutierrez.Scott', 'Gutierrez', 'Scott', 'jillian07@yahoo.com', '1t5LIYE*#!', 25, '(928) 634-3279 x020');

INSERT INTO adresse
(noAdresse, noCivique, rue, codePostal, ville, province)
VALUES
(26, '550', 'Hogan Cliffs', 'V2P4T2', 'South Brian', 'NV');
INSERT INTO client
(NoClient, nomUtilisateur, nom, prenom, courriel, motDePasse, NoAdresse, numTel)
VALUES
(25, 'Lester.Isaac', 'Lester', 'Isaac', 'ryanmatthew@yahoo.com', 'Qi!9l4FxeB', 26, '1 (355) 377-5867');

INSERT INTO adresse
(noAdresse, noCivique, rue, codePostal, ville, province)
VALUES
(27, '81964', 'Wendy Groves', 'L4C1X1', 'Esparzachester', 'NS');
INSERT INTO client
(NoClient, nomUtilisateur, nom, prenom, courriel, motDePasse, NoAdresse, numTel)
VALUES
(26, 'Gentry.Cynthia', 'Gentry', 'Cynthia', 'william26@gmail.com', '!3j)5Lni!I', 27, '992-932-5047');

INSERT INTO adresse
(noAdresse, noCivique, rue, codePostal, ville, province)
VALUES
(28, '30948', 'Lisa Mountains', 'C3X5Y2', 'Greenshire', 'YT');
INSERT INTO client
(NoClient, nomUtilisateur, nom, prenom, courriel, motDePasse, NoAdresse, numTel)
VALUES
(27, 'Torres.Douglas', 'Torres', 'Douglas', 'carterjoshua@gmail.com', 'e7F)l01X^#', 28, '316-291-9375 x579');

INSERT INTO adresse
(noAdresse, noCivique, rue, codePostal, ville, province)
VALUES
(29, '344', 'Allen Plaza', 'L2C1L2', 'Laurachester', 'QC');
INSERT INTO client
(NoClient, nomUtilisateur, nom, prenom, courriel, motDePasse, NoAdresse, numTel)
VALUES
(28, 'May.Willie', 'May', 'Willie', 'michellesmith@hotmail.com', 'Yu_o$hSR*4', 29, '+1 (670) 021-7655');

INSERT INTO adresse
(noAdresse, noCivique, rue, codePostal, ville, province)
VALUES
(30, '548', 'James Port', 'S6M4A5', 'West Daniel', 'NL');
INSERT INTO client
(NoClient, nomUtilisateur, nom, prenom, courriel, motDePasse, NoAdresse, numTel)
VALUES
(29, 'Gonzalez.Cindy', 'Gonzalez', 'Cindy', 'kevinrobbins@hotmail.com', '$$20NJ9iG)', 30, '916-966-5511');

INSERT INTO adresse
(noAdresse, noCivique, rue, codePostal, ville, province)
VALUES
(31, '9255', 'Mason Mountains', 'V1L3G2', 'New John', 'QC');
INSERT INTO client
(NoClient, nomUtilisateur, nom, prenom, courriel, motDePasse, NoAdresse, numTel)
VALUES
(30, 'Ali.Brent', 'Ali', 'Brent', 'dgalvan@gmail.com', '19fp2QBo)q', 31, '+1 (305) 632-2675');

INSERT INTO adresse
(noAdresse, noCivique, rue, codePostal, ville, province)
VALUES
(32, '7486', 'Deanna Locks', 'P8P4B1', 'Heatherview', 'QC');
INSERT INTO client
(NoClient, nomUtilisateur, nom, prenom, courriel, motDePasse, NoAdresse, numTel)
VALUES
(31, 'Grant.Daniel', 'Grant', 'Daniel', 'buckmichael@gmail.com', 'l+%580Wo1+', 32, '155.319.1513');

INSERT INTO adresse
(noAdresse, noCivique, rue, codePostal, ville, province)
VALUES
(33, '0508', 'Amanda Throughway', 'L8E7N1', 'West Brandonton', 'NT');
INSERT INTO client
(NoClient, nomUtilisateur, nom, prenom, courriel, motDePasse, NoAdresse, numTel)
VALUES
(32, 'Sheppard.Craig', 'Sheppard', 'Craig', 'harrisbelinda@yahoo.com', 'yy5Ch4YT^w', 33, '(674) 095-6825');

INSERT INTO adresse
(noAdresse, noCivique, rue, codePostal, ville, province)
VALUES
(34, '98315', 'Cheryl Ranch', 'P5C8K1', 'Port Christopherland', 'QC');
INSERT INTO client
(NoClient, nomUtilisateur, nom, prenom, courriel, motDePasse, NoAdresse, numTel)
VALUES
(33, 'Smith.Cindy', 'Smith', 'Cindy', 'randallhill@yahoo.com', '%jwE*ded@0', 34, '+1 (621) 653-8207');

INSERT INTO adresse
(noAdresse, noCivique, rue, codePostal, ville, province)
VALUES
(35, '861', 'Robert Island', 'P5J2G7', 'Popechester', 'PE');
INSERT INTO client
(NoClient, nomUtilisateur, nom, prenom, courriel, motDePasse, NoAdresse, numTel)
VALUES
(34, 'Meadows.Bianca', 'Meadows', 'Bianca', 'waltersthomas@gmail.com', 'o+)t3SoU$N', 35, '+1 (127) 199-9204');

INSERT INTO adresse
(noAdresse, noCivique, rue, codePostal, ville, province)
VALUES
(36, '4125', 'Castaneda Locks', 'A7L2E6', 'South Kimberly', 'ON');
INSERT INTO client
(NoClient, nomUtilisateur, nom, prenom, courriel, motDePasse, NoAdresse, numTel)
VALUES
(35, 'Davis.Carrie', 'Davis', 'Carrie', 'shawnoneill@yahoo.com', '%IV+*e0Bi0', 36, '(975) 787-0816 x951');

INSERT INTO adresse
(noAdresse, noCivique, rue, codePostal, ville, province)
VALUES
(37, '815', 'Murphy Bridge', 'Y1X7Y9', 'Richardburgh', 'YT');
INSERT INTO client
(NoClient, nomUtilisateur, nom, prenom, courriel, motDePasse, NoAdresse, numTel)
VALUES
(36, 'White.John', 'White', 'John', 'theresanolan@yahoo.com', '^!#gLK8wg4', 37, '1-326-099-1313');

INSERT INTO adresse
(noAdresse, noCivique, rue, codePostal, ville, province)
VALUES
(38, '594', 'Miranda Circle', 'Y4C2R4', 'South Morgan', 'NL');
INSERT INTO client
(NoClient, nomUtilisateur, nom, prenom, courriel, motDePasse, NoAdresse, numTel)
VALUES
(37, 'Powell.Paula', 'Powell', 'Paula', 'david84@gmail.com', 'sCX0YWxke^', 38, '292-320-0818 x590');

INSERT INTO adresse
(noAdresse, noCivique, rue, codePostal, ville, province)
VALUES
(39, '039', 'Sarah Station', 'H6B7A2', 'Lake Jasonstad', 'SK');
INSERT INTO client
(NoClient, nomUtilisateur, nom, prenom, courriel, motDePasse, NoAdresse, numTel)
VALUES
(38, 'Conrad.Troy', 'Conrad', 'Troy', 'nfisher@hotmail.com', 'EkP@0Pqy!u', 39, '101-646-0387');

INSERT INTO adresse
(noAdresse, noCivique, rue, codePostal, ville, province)
VALUES
(40, '01880', 'Thomas Flats', 'G3P7E5', 'Hernandezhaven', 'QC');
INSERT INTO client
(NoClient, nomUtilisateur, nom, prenom, courriel, motDePasse, NoAdresse, numTel)
VALUES
(39, 'Shaw.Heidi', 'Shaw', 'Heidi', 'spencersophia@hotmail.com', '^D31mHeV@m', 40, '+1 (697) 041-4248');

INSERT INTO adresse
(noAdresse, noCivique, rue, codePostal, ville, province)
VALUES
(41, '3285', 'Russo Springs', 'N7C1R2', 'West Teresafort', 'NV');
INSERT INTO client
(NoClient, nomUtilisateur, nom, prenom, courriel, motDePasse, NoAdresse, numTel)
VALUES
(40, 'Medina.Antonio', 'Medina', 'Antonio', 'michael66@gmail.com', 'ZK48OKfg+p', 41, '429-093-0230 x609');

INSERT INTO adresse
(noAdresse, noCivique, rue, codePostal, ville, province)
VALUES
(42, '909', 'Charles Village', 'S3P1K7', 'Smithport', 'SK');
INSERT INTO client
(NoClient, nomUtilisateur, nom, prenom, courriel, motDePasse, NoAdresse, numTel)
VALUES
(41, 'Taylor.Cynthia', 'Taylor', 'Cynthia', 'alexanderjohnson@gmail.com', 'N!59d9JeF(', 42, '(912) 216-7978 x905');

INSERT INTO adresse
(noAdresse, noCivique, rue, codePostal, ville, province)
VALUES
(43, '09916', 'Andrew Road', 'L6N5X7', 'Port Heather', 'NS');
INSERT INTO client
(NoClient, nomUtilisateur, nom, prenom, courriel, motDePasse, NoAdresse, numTel)
VALUES
(42, 'Hill.Evan', 'Hill', 'Evan', 'robert59@yahoo.com', '*A6KuXFlJy', 43, '+1 (812) 383-8887');

INSERT INTO adresse
(noAdresse, noCivique, rue, codePostal, ville, province)
VALUES
(44, '5770', 'Austin Prairie', 'Y6E4E4', 'West Joe', 'NL');
INSERT INTO client
(NoClient, nomUtilisateur, nom, prenom, courriel, motDePasse, NoAdresse, numTel)
VALUES
(43, 'Weaver.James', 'Weaver', 'James', 'gwright@gmail.com', '89Zdloeq@a', 44, '1 (453) 589-4592');

INSERT INTO adresse
(noAdresse, noCivique, rue, codePostal, ville, province)
VALUES
(45, '512', 'Jeanne Mills', 'S1Y5T6', 'Harrisonborough', 'NL');
INSERT INTO client
(NoClient, nomUtilisateur, nom, prenom, courriel, motDePasse, NoAdresse, numTel)
VALUES
(44, 'Powell.Susan', 'Powell', 'Susan', 'rachelgonzalez@hotmail.com', '!gbo2ZVmi2', 45, '+1 (426) 401-6929');

INSERT INTO adresse
(noAdresse, noCivique, rue, codePostal, ville, province)
VALUES
(46, '9389', 'Mark Ranch', 'P4A7L9', 'Davischester', 'YT');
INSERT INTO client
(NoClient, nomUtilisateur, nom, prenom, courriel, motDePasse, NoAdresse, numTel)
VALUES
(45, 'Thomas.Rachel', 'Thomas', 'Rachel', 'lchristensen@gmail.com', '%7Qb1w#93e', 46, '455-108-8426');

INSERT INTO adresse
(noAdresse, noCivique, rue, codePostal, ville, province)
VALUES
(47, '465', 'Ray Street', 'A1T8Y2', 'Hendersontown', 'SK');
INSERT INTO client
(NoClient, nomUtilisateur, nom, prenom, courriel, motDePasse, NoAdresse, numTel)
VALUES
(46, 'Dalton.Michael', 'Dalton', 'Michael', 'qjacobs@yahoo.com', 'C4by37Zu*I', 47, '724.240.2256');

INSERT INTO adresse
(noAdresse, noCivique, rue, codePostal, ville, province)
VALUES
(48, '7277', 'Lynch Unions', 'A8H9G9', 'East Michaelborough', 'PE');
INSERT INTO client
(NoClient, nomUtilisateur, nom, prenom, courriel, motDePasse, NoAdresse, numTel)
VALUES
(47, 'Roberson.Rachel', 'Roberson', 'Rachel', 'heatherscott@gmail.com', 'P_4(KFwKe4', 48, '1-951-850-7420');

INSERT INTO adresse
(noAdresse, noCivique, rue, codePostal, ville, province)
VALUES
(49, '61528', 'Eric Route', 'C1L4V5', 'New Susan', 'ON');
INSERT INTO client
(NoClient, nomUtilisateur, nom, prenom, courriel, motDePasse, NoAdresse, numTel)
VALUES
(48, 'Hawkins.Hailey', 'Hawkins', 'Hailey', 'wolfsarah@yahoo.com', '#0BxwqCc%2', 49, '(966) 050-9464');

INSERT INTO adresse
(noAdresse, noCivique, rue, codePostal, ville, province)
VALUES
(50, '0230', 'Jenkins Bypass', 'J3C2V4', 'Haystown', 'NV');
INSERT INTO client
(NoClient, nomUtilisateur, nom, prenom, courriel, motDePasse, NoAdresse, numTel)
VALUES
(49, 'Horton.Michael', 'Horton', 'Michael', 'billy70@yahoo.com', '#2K%hkRh16', 50, '1 (523) 557-8495');

INSERT INTO adresse
(noAdresse, noCivique, rue, codePostal, ville, province)
VALUES
(51, '58370', 'Amy Lock', 'T7L9R4', 'West Cameron', 'ON');
INSERT INTO client
(NoClient, nomUtilisateur, nom, prenom, courriel, motDePasse, NoAdresse, numTel)
VALUES
(50, 'Henderson.Jessica', 'Henderson', 'Jessica', 'josephperez@hotmail.com', 'O83ZsH%a)g', 51, '(443) 988-4339');

INSERT INTO adresse
(noAdresse, noCivique, rue, codePostal, ville, province)
VALUES
(52, '885', 'Walsh Ferry', 'M1A5M7', 'West Aimeechester', 'MB');
INSERT INTO client
(NoClient, nomUtilisateur, nom, prenom, courriel, motDePasse, NoAdresse, numTel)
VALUES
(51, 'Pierce.Mary', 'Pierce', 'Mary', 'curtis55@hotmail.com', 'O5KERi5sed', 52, '813-251-4867');

INSERT INTO adresse
(noAdresse, noCivique, rue, codePostal, ville, province)
VALUES
(53, '779', 'Hicks Springs', 'M2M1N2', 'Robinsonmouth', 'AB');
INSERT INTO client
(NoClient, nomUtilisateur, nom, prenom, courriel, motDePasse, NoAdresse, numTel)
VALUES
(52, 'Ortiz.Dawn', 'Ortiz', 'Dawn', 'joseph40@hotmail.com', '0#3QQD$4_s', 53, '+1 (427) 679-1421');

INSERT INTO adresse
(noAdresse, noCivique, rue, codePostal, ville, province)
VALUES
(54, '8286', 'James Lane', 'N2V7C9', 'West Ann', 'MB');
INSERT INTO client
(NoClient, nomUtilisateur, nom, prenom, courriel, motDePasse, NoAdresse, numTel)
VALUES
(53, 'Dorsey.Michael', 'Dorsey', 'Michael', 'sarahstewart@hotmail.com', '(c30QQe^B7', 54, '729 254 2435');

INSERT INTO adresse
(noAdresse, noCivique, rue, codePostal, ville, province)
VALUES
(55, '40960', 'Nunez Skyway', 'Y5R1A2', 'Port Michael', 'NB');
INSERT INTO client
(NoClient, nomUtilisateur, nom, prenom, courriel, motDePasse, NoAdresse, numTel)
VALUES
(54, 'Cobb.Cynthia', 'Cobb', 'Cynthia', 'fharding@gmail.com', 'Rj7TLsU+*L', 55, '(960) 526-9961');

INSERT INTO adresse
(noAdresse, noCivique, rue, codePostal, ville, province)
VALUES
(56, '449', 'Herrera Trace', 'B9K5H3', 'West Micheal', 'NL');
INSERT INTO client
(NoClient, nomUtilisateur, nom, prenom, courriel, motDePasse, NoAdresse, numTel)
VALUES
(55, 'Thomas.Matthew', 'Thomas', 'Matthew', 'gina35@yahoo.com', '+Xe7MZ4ujs', 56, '1-598-172-5718');

INSERT INTO adresse
(noAdresse, noCivique, rue, codePostal, ville, province)
VALUES
(57, '6153', 'Jeffrey Courts', 'V4G3G4', 'Brittanyhaven', 'NV');
INSERT INTO client
(NoClient, nomUtilisateur, nom, prenom, courriel, motDePasse, NoAdresse, numTel)
VALUES
(56, 'Short.Susan', 'Short', 'Susan', 'progers@gmail.com', 'le39e@Aawz', 57, '(972) 526-9500 x533');

INSERT INTO adresse
(noAdresse, noCivique, rue, codePostal, ville, province)
VALUES
(58, '457', 'Paul Forks', 'K2K6J1', 'Hansenport', 'NB');
INSERT INTO client
(NoClient, nomUtilisateur, nom, prenom, courriel, motDePasse, NoAdresse, numTel)
VALUES
(57, 'George.Adam', 'George', 'Adam', 'katherine18@hotmail.com', 'kTW$29SjZy', 58, '245.898.0558');

INSERT INTO adresse
(noAdresse, noCivique, rue, codePostal, ville, province)
VALUES
(59, '901', 'Abbott Plaza', 'E2A7N7', 'Port Michael', 'SK');
INSERT INTO client
(NoClient, nomUtilisateur, nom, prenom, courriel, motDePasse, NoAdresse, numTel)
VALUES
(58, 'Farrell.Leslie', 'Farrell', 'Leslie', 'carolyn97@gmail.com', 'te2^DQCwa$', 59, '1-558-804-0876');

INSERT INTO adresse
(noAdresse, noCivique, rue, codePostal, ville, province)
VALUES
(60, '98812', 'Hayden Skyway', 'G5S4M9', 'New Connie', 'ON');
INSERT INTO client
(NoClient, nomUtilisateur, nom, prenom, courriel, motDePasse, NoAdresse, numTel)
VALUES
(59, 'Dorsey.Vanessa', 'Dorsey', 'Vanessa', 'sean61@gmail.com', 'J3U#Kr*zt+', 60, '(608) 590-9262 x801');

INSERT INTO adresse
(noAdresse, noCivique, rue, codePostal, ville, province)
VALUES
(61, '39602', 'Boyle Hollow', 'B2T9R9', 'Gregoryberg', 'MB');
INSERT INTO client
(NoClient, nomUtilisateur, nom, prenom, courriel, motDePasse, NoAdresse, numTel)
VALUES
(60, 'Figueroa.Jesse', 'Figueroa', 'Jesse', 'kevinbailey@yahoo.com', 'b8i7TwNu#H', 61, '+1 (825) 060-5866');

INSERT INTO adresse
(noAdresse, noCivique, rue, codePostal, ville, province)
VALUES
(62, '93153', 'Kelly Grove', 'H4C6Y6', 'Calebmouth', 'AB');
INSERT INTO client
(NoClient, nomUtilisateur, nom, prenom, courriel, motDePasse, NoAdresse, numTel)
VALUES
(61, 'Dunlap.Frederick', 'Dunlap', 'Frederick', 'andrew52@yahoo.com', 'e1JO0sdw3R', 62, '+1 (545) 926-6590');

INSERT INTO adresse
(noAdresse, noCivique, rue, codePostal, ville, province)
VALUES
(63, '4508', 'Thomas Points', 'V8Y6V9', 'Lake Michellemouth', 'AB');
INSERT INTO client
(NoClient, nomUtilisateur, nom, prenom, courriel, motDePasse, NoAdresse, numTel)
VALUES
(62, 'Butler.Marco', 'Butler', 'Marco', 'kevin60@yahoo.com', 'dmVWUgx%^1', 63, '1 (169) 079-1298');

INSERT INTO adresse
(noAdresse, noCivique, rue, codePostal, ville, province)
VALUES
(64, '6082', 'Alexander Shore', 'Y3E2Y8', 'Johnburgh', 'NS');
INSERT INTO client
(NoClient, nomUtilisateur, nom, prenom, courriel, motDePasse, NoAdresse, numTel)
VALUES
(63, 'Cox.Thomas', 'Cox', 'Thomas', 'thomas18@gmail.com', 'b_z_U0NvfU', 64, '147-365-0221 x374');

INSERT INTO adresse
(noAdresse, noCivique, rue, codePostal, ville, province)
VALUES
(65, '098', 'Charles Brooks', 'B5S5E1', 'Byrdbury', 'NS');
INSERT INTO client
(NoClient, nomUtilisateur, nom, prenom, courriel, motDePasse, NoAdresse, numTel)
VALUES
(64, 'Ingram.Samuel', 'Ingram', 'Samuel', 'susanhuang@gmail.com', 'A@(9TC8xOA', 65, '545-624-3784 x115');

INSERT INTO adresse
(noAdresse, noCivique, rue, codePostal, ville, province)
VALUES
(66, '04778', 'Krystal Points', 'R8X7A3', 'Port Tamara', 'NB');
INSERT INTO client
(NoClient, nomUtilisateur, nom, prenom, courriel, motDePasse, NoAdresse, numTel)
VALUES
(65, 'Bell.Connie', 'Bell', 'Connie', 'oholt@gmail.com', 'm#8NvYQs*+', 66, '(751) 544-3229');

INSERT INTO adresse
(noAdresse, noCivique, rue, codePostal, ville, province)
VALUES
(67, '29792', 'Rita Meadow', 'P9J2M2', 'Richardsland', 'NV');
INSERT INTO client
(NoClient, nomUtilisateur, nom, prenom, courriel, motDePasse, NoAdresse, numTel)
VALUES
(66, 'Holmes.Steven', 'Holmes', 'Steven', 'dustin36@hotmail.com', '^+REQoQiC3', 67, '1-891-929-4130');

INSERT INTO adresse
(noAdresse, noCivique, rue, codePostal, ville, province)
VALUES
(68, '673', 'Gilbert Overpass', 'B4X5H2', 'New Reginaton', 'NV');
INSERT INTO client
(NoClient, nomUtilisateur, nom, prenom, courriel, motDePasse, NoAdresse, numTel)
VALUES
(67, 'Frost.Megan', 'Frost', 'Megan', 'vchavez@yahoo.com', '(k!NDke849', 68, '590.830.5825');

INSERT INTO adresse
(noAdresse, noCivique, rue, codePostal, ville, province)
VALUES
(69, '8424', 'Kenneth Shoals', 'X4H1E4', 'Wilkersonburgh', 'PE');
INSERT INTO client
(NoClient, nomUtilisateur, nom, prenom, courriel, motDePasse, NoAdresse, numTel)
VALUES
(68, 'Cline.Christina', 'Cline', 'Christina', 'dominguezchristina@yahoo.com', '$0S^q^ZP#Z', 69, '1-435-702-3841');

INSERT INTO adresse
(noAdresse, noCivique, rue, codePostal, ville, province)
VALUES
(70, '2225', 'Hunter Falls', 'G2Y2G1', 'West Lauren', 'SK');
INSERT INTO client
(NoClient, nomUtilisateur, nom, prenom, courriel, motDePasse, NoAdresse, numTel)
VALUES
(69, 'Kane.Aaron', 'Kane', 'Aaron', 'michaelgonzalez@hotmail.com', '#12RTmzkpe', 70, '259.939.0143');

INSERT INTO adresse
(noAdresse, noCivique, rue, codePostal, ville, province)
VALUES
(71, '5013', 'Julia Spurs', 'C8J6E5', 'Lake Kimberly', 'NT');
INSERT INTO client
(NoClient, nomUtilisateur, nom, prenom, courriel, motDePasse, NoAdresse, numTel)
VALUES
(70, 'Williams.Tony', 'Williams', 'Tony', 'qruiz@yahoo.com', 'LfTv0Jmp)^', 71, '(513) 914-6360');

INSERT INTO adresse
(noAdresse, noCivique, rue, codePostal, ville, province)
VALUES
(72, '766', 'Yates Courts', 'R4G9K9', 'Jacquelineview', 'BC');
INSERT INTO client
(NoClient, nomUtilisateur, nom, prenom, courriel, motDePasse, NoAdresse, numTel)
VALUES
(71, 'Johnson.Christina', 'Johnson', 'Christina', 'linda34@gmail.com', 'arI@0Q@phd', 72, '+1 (116) 647-3237');

INSERT INTO adresse
(noAdresse, noCivique, rue, codePostal, ville, province)
VALUES
(73, '50028', 'Scott Flat', 'R5G6S2', 'North Adam', 'PE');
INSERT INTO client
(NoClient, nomUtilisateur, nom, prenom, courriel, motDePasse, NoAdresse, numTel)
VALUES
(72, 'Shaffer.Erin', 'Shaffer', 'Erin', 'bgreene@yahoo.com', ')G4HfUgsuI', 73, '(290) 134-4757 x304');

INSERT INTO adresse
(noAdresse, noCivique, rue, codePostal, ville, province)
VALUES
(74, '8668', 'Johnny Fall', 'K8V6C3', 'West Michaela', 'PE');
INSERT INTO client
(NoClient, nomUtilisateur, nom, prenom, courriel, motDePasse, NoAdresse, numTel)
VALUES
(73, 'Proctor.Chelsea', 'Proctor', 'Chelsea', 'xsmith@gmail.com', '_9wTgPkrIi', 74, '(162) 350-3963');

INSERT INTO adresse
(noAdresse, noCivique, rue, codePostal, ville, province)
VALUES
(75, '37630', 'Smith Mill', 'L1T1E7', 'North Anne', 'NS');
INSERT INTO client
(NoClient, nomUtilisateur, nom, prenom, courriel, motDePasse, NoAdresse, numTel)
VALUES
(74, 'Mccann.Heidi', 'Mccann', 'Heidi', 'timothy85@hotmail.com', '1*8PIFb79_', 75, '1-379-576-1988');

INSERT INTO adresse
(noAdresse, noCivique, rue, codePostal, ville, province)
VALUES
(76, '70292', 'Orozco Square', 'R2R7B5', 'Christopherview', 'NS');
INSERT INTO client
(NoClient, nomUtilisateur, nom, prenom, courriel, motDePasse, NoAdresse, numTel)
VALUES
(75, 'Robinson.Laura', 'Robinson', 'Laura', 'monica42@gmail.com', ')f2YeXEwew', 76, '+1 (573) 664-8261');

INSERT INTO adresse
(noAdresse, noCivique, rue, codePostal, ville, province)
VALUES
(77, '94940', 'William Locks', 'J2R2P8', 'South Williammouth', 'NB');
INSERT INTO client
(NoClient, nomUtilisateur, nom, prenom, courriel, motDePasse, NoAdresse, numTel)
VALUES
(76, 'Sanchez.Timothy', 'Sanchez', 'Timothy', 'smithethan@hotmail.com', '3sqUgHbPem', 77, '752 012 8760');

INSERT INTO adresse
(noAdresse, noCivique, rue, codePostal, ville, province)
VALUES
(78, '33962', 'Ingram Circles', 'R4B7N1', 'Joelshire', 'MB');
INSERT INTO client
(NoClient, nomUtilisateur, nom, prenom, courriel, motDePasse, NoAdresse, numTel)
VALUES
(77, 'Martin.Brian', 'Martin', 'Brian', 'thompsonjerry@yahoo.com', 'yRa4UeoFg(', 78, '(297) 613-0158 x674');

INSERT INTO adresse
(noAdresse, noCivique, rue, codePostal, ville, province)
VALUES
(79, '42187', 'Connie Parks', 'M1K6A7', 'Lake Eddie', 'PE');
INSERT INTO client
(NoClient, nomUtilisateur, nom, prenom, courriel, motDePasse, NoAdresse, numTel)
VALUES
(78, 'Sanchez.Sarah', 'Sanchez', 'Sarah', 'shenson@hotmail.com', '_l1cDkzhhn', 79, '127.746.3481');

INSERT INTO adresse
(noAdresse, noCivique, rue, codePostal, ville, province)
VALUES
(80, '347', 'Castro Loop', 'X5L1H1', 'New Aaron', 'NL');
INSERT INTO client
(NoClient, nomUtilisateur, nom, prenom, courriel, motDePasse, NoAdresse, numTel)
VALUES
(79, 'Smith.Jacob', 'Smith', 'Jacob', 'umann@gmail.com', '#72YAP2bi^', 80, '(451) 634-1061 x022');

INSERT INTO adresse
(noAdresse, noCivique, rue, codePostal, ville, province)
VALUES
(81, '583', 'Evans Ports', 'J4T8G7', 'Ashleyport', 'NT');
INSERT INTO client
(NoClient, nomUtilisateur, nom, prenom, courriel, motDePasse, NoAdresse, numTel)
VALUES
(80, 'Kirby.Heidi', 'Kirby', 'Heidi', 'zthomas@gmail.com', '!6QpLCzboJ', 81, '(197) 021-3462');

INSERT INTO adresse
(noAdresse, noCivique, rue, codePostal, ville, province)
VALUES
(82, '24066', 'Amy Cove', 'K4K8J3', 'North Johntown', 'QC');
INSERT INTO client
(NoClient, nomUtilisateur, nom, prenom, courriel, motDePasse, NoAdresse, numTel)
VALUES
(81, 'Harrington.Steven', 'Harrington', 'Steven', 'nicolas60@hotmail.com', '77xB)9JgKT', 82, '(300) 804-8151');

INSERT INTO adresse
(noAdresse, noCivique, rue, codePostal, ville, province)
VALUES
(83, '16390', 'Leah Tunnel', 'G8N5A2', 'West Robert', 'NB');
INSERT INTO client
(NoClient, nomUtilisateur, nom, prenom, courriel, motDePasse, NoAdresse, numTel)
VALUES
(82, 'Gomez.Kelly', 'Gomez', 'Kelly', 'lindsey17@hotmail.com', 'T(2X$kteeF', 83, '1-329-235-7272');

INSERT INTO adresse
(noAdresse, noCivique, rue, codePostal, ville, province)
VALUES
(84, '267', 'Charlotte Village', 'M6C6C5', 'East Adam', 'AB');
INSERT INTO client
(NoClient, nomUtilisateur, nom, prenom, courriel, motDePasse, NoAdresse, numTel)
VALUES
(83, 'Murray.Phillip', 'Murray', 'Phillip', 'ronald15@yahoo.com', 'z2Tnlq!o*p', 84, '1 (119) 730-8853');

INSERT INTO adresse
(noAdresse, noCivique, rue, codePostal, ville, province)
VALUES
(85, '7392', 'Steven Lights', 'R7E7L1', 'New David', 'NT');
INSERT INTO client
(NoClient, nomUtilisateur, nom, prenom, courriel, motDePasse, NoAdresse, numTel)
VALUES
(84, 'Wells.Jordan', 'Wells', 'Jordan', 'armstrongfrank@hotmail.com', '$z4bYJRwH0', 85, '(813) 886-7523');

INSERT INTO adresse
(noAdresse, noCivique, rue, codePostal, ville, province)
VALUES
(86, '356', 'Sandra Circles', 'S9M3J3', 'West Jamesberg', 'ON');
INSERT INTO client
(NoClient, nomUtilisateur, nom, prenom, courriel, motDePasse, NoAdresse, numTel)
VALUES
(85, 'Gross.Joseph', 'Gross', 'Joseph', 'kathleen20@yahoo.com', ')47QF1RfZ*', 86, '1 (407) 234-0701');

INSERT INTO adresse
(noAdresse, noCivique, rue, codePostal, ville, province)
VALUES
(87, '638', 'Oneill Bridge', 'M1L2P2', 'Jerrymouth', 'QC');
INSERT INTO client
(NoClient, nomUtilisateur, nom, prenom, courriel, motDePasse, NoAdresse, numTel)
VALUES
(86, 'Hunter.Stacy', 'Hunter', 'Stacy', 'brownlindsey@gmail.com', 'uZ_s9Q@cHe', 87, '1 (550) 687-8377');

INSERT INTO adresse
(noAdresse, noCivique, rue, codePostal, ville, province)
VALUES
(88, '2961', 'Suzanne Centers', 'E4M4Y8', 'North Tiffany', 'YT');
INSERT INTO client
(NoClient, nomUtilisateur, nom, prenom, courriel, motDePasse, NoAdresse, numTel)
VALUES
(87, 'Duncan.Heidi', 'Duncan', 'Heidi', 'dennislittle@gmail.com', '@5^GhE3dH8', 88, '(875) 759-1177 x429');

INSERT INTO adresse
(noAdresse, noCivique, rue, codePostal, ville, province)
VALUES
(89, '102', 'Patricia Island', 'M8H2V3', 'Michaelmouth', 'NV');
INSERT INTO client
(NoClient, nomUtilisateur, nom, prenom, courriel, motDePasse, NoAdresse, numTel)
VALUES
(88, 'Dean.Mary', 'Dean', 'Mary', 'apineda@gmail.com', 'E%8QGTClbf', 89, '718-978-0660');

INSERT INTO adresse
(noAdresse, noCivique, rue, codePostal, ville, province)
VALUES
(90, '042', 'Long Way', 'P1G7G7', 'Hernandezfort', 'MB');
INSERT INTO client
(NoClient, nomUtilisateur, nom, prenom, courriel, motDePasse, NoAdresse, numTel)
VALUES
(89, 'Brown.Elizabeth', 'Brown', 'Elizabeth', 'mitchell32@gmail.com', 'W6Y)5Zn$s*', 90, '191 876 2743');

INSERT INTO adresse
(noAdresse, noCivique, rue, codePostal, ville, province)
VALUES
(91, '88356', 'Campos Village', 'J6C2K8', 'Rushton', 'NV');
INSERT INTO client
(NoClient, nomUtilisateur, nom, prenom, courriel, motDePasse, NoAdresse, numTel)
VALUES
(90, 'Hogan.Ryan', 'Hogan', 'Ryan', 'hermandonna@gmail.com', 'C3mw5rDwj%', 91, '126.618.0507');

INSERT INTO adresse
(noAdresse, noCivique, rue, codePostal, ville, province)
VALUES
(92, '138', 'Rachel Inlet', 'M9V5A9', 'Meyerborough', 'QC');
INSERT INTO client
(NoClient, nomUtilisateur, nom, prenom, courriel, motDePasse, NoAdresse, numTel)
VALUES
(91, 'Watts.Micheal', 'Watts', 'Micheal', 'saraalexander@gmail.com', ')$OHaKeli3', 92, '801.231.5066');

INSERT INTO adresse
(noAdresse, noCivique, rue, codePostal, ville, province)
VALUES
(93, '8347', 'Heather Corner', 'K8N2S2', 'New Charles', 'NT');
INSERT INTO client
(NoClient, nomUtilisateur, nom, prenom, courriel, motDePasse, NoAdresse, numTel)
VALUES
(92, 'Robertson.Matthew', 'Robertson', 'Matthew', 'cartermichael@yahoo.com', 'v0u2vGKy+h', 93, '(424) 110-3907 x032');

INSERT INTO adresse
(noAdresse, noCivique, rue, codePostal, ville, province)
VALUES
(94, '182', 'Joanna Plaza', 'R2B9S2', 'Jamesfurt', 'QC');
INSERT INTO client
(NoClient, nomUtilisateur, nom, prenom, courriel, motDePasse, NoAdresse, numTel)
VALUES
(93, 'Robertson.Kimberly', 'Robertson', 'Kimberly', 'cummingsjoshua@yahoo.com', '@4JOb@jMN$', 94, '878-778-5981 x367');

INSERT INTO adresse
(noAdresse, noCivique, rue, codePostal, ville, province)
VALUES
(95, '05213', 'Thomas Summit', 'L5E8E7', 'Markshire', 'QC');
INSERT INTO client
(NoClient, nomUtilisateur, nom, prenom, courriel, motDePasse, NoAdresse, numTel)
VALUES
(94, 'Stewart.Timothy', 'Stewart', 'Timothy', 'ashley26@hotmail.com', 'k5XX7Rea%$', 95, '1 (737) 671-5519');

INSERT INTO adresse
(noAdresse, noCivique, rue, codePostal, ville, province)
VALUES
(96, '615', 'Sandra Ports', 'A6X8K3', 'Keithside', 'AB');
INSERT INTO client
(NoClient, nomUtilisateur, nom, prenom, courriel, motDePasse, NoAdresse, numTel)
VALUES
(95, 'Wood.Lisa', 'Wood', 'Lisa', 'aswanson@yahoo.com', 'xhZY(itb)1', 96, '(703) 621-5926');

INSERT INTO adresse
(noAdresse, noCivique, rue, codePostal, ville, province)
VALUES
(97, '128', 'Peter Plaza', 'S8S1X5', 'Edwardtown', 'SK');
INSERT INTO client
(NoClient, nomUtilisateur, nom, prenom, courriel, motDePasse, NoAdresse, numTel)
VALUES
(96, 'Bell.Patrick', 'Bell', 'Patrick', 'timothybruce@gmail.com', '+0GfXg1zpB', 97, '420 066 6358');

INSERT INTO adresse
(noAdresse, noCivique, rue, codePostal, ville, province)
VALUES
(98, '392', 'Lori Wall', 'H1G7H4', 'New Michaelhaven', 'NV');
INSERT INTO client
(NoClient, nomUtilisateur, nom, prenom, courriel, motDePasse, NoAdresse, numTel)
VALUES
(97, 'Bailey.Dustin', 'Bailey', 'Dustin', 'jennifer85@yahoo.com', 'Yxe8Ah^Y#e', 98, '1-357-510-0928');

INSERT INTO adresse
(noAdresse, noCivique, rue, codePostal, ville, province)
VALUES
(99, '57248', 'Li Dam', 'H3G6R4', 'Port Jared', 'MB');
INSERT INTO client
(NoClient, nomUtilisateur, nom, prenom, courriel, motDePasse, NoAdresse, numTel)
VALUES
(98, 'Kramer.Laura', 'Kramer', 'Laura', 'wilsonshawn@hotmail.com', '7z2iThfi!G', 99, '1-108-080-2307');

INSERT INTO adresse
(noAdresse, noCivique, rue, codePostal, ville, province)
VALUES
(100, '912', 'John Key', 'J9L6H1', 'Mitchellville', 'NB');
INSERT INTO client
(NoClient, nomUtilisateur, nom, prenom, courriel, motDePasse, NoAdresse, numTel)
VALUES
(99, 'Morgan.Donna', 'Morgan', 'Donna', 'astevens@gmail.com', '(8AH0Z0l(R', 100, '618-132-3558');

INSERT INTO categorie
(noCategorie, parent, nom)
VALUES
(0, NULL, 'Concerts and Tour Dates');

INSERT INTO categorie
(noCategorie, parent, nom)
VALUES
(1, 0, 'Blues');

INSERT INTO categorie
(noCategorie, parent, nom)
VALUES
(2, 0, 'Classical');

INSERT INTO categorie
(noCategorie, parent, nom)
VALUES
(3, 0, 'Country');

INSERT INTO categorie
(noCategorie, parent, nom)
VALUES
(4, 0, 'Dance');

INSERT INTO categorie
(noCategorie, parent, nom)
VALUES
(5, 0, 'Easy Listening');

INSERT INTO categorie
(noCategorie, parent, nom)
VALUES
(6, 0, 'Electronic');

INSERT INTO categorie
(noCategorie, parent, nom)
VALUES
(7, 0, 'Folk');

INSERT INTO categorie
(noCategorie, parent, nom)
VALUES
(8, 0, 'Jazz');

INSERT INTO categorie
(noCategorie, parent, nom)
VALUES
(9, 0, 'Latin');

INSERT INTO categorie
(noCategorie, parent, nom)
VALUES
(10, 0, 'New Age');

INSERT INTO categorie
(noCategorie, parent, nom)
VALUES
(11, 0, 'Opera');

INSERT INTO categorie
(noCategorie, parent, nom)
VALUES
(12, 0, 'ReB/Soul');

INSERT INTO categorie
(noCategorie, parent, nom)
VALUES
(13, 0, 'Reggae');

INSERT INTO categorie
(noCategorie, parent, nom)
VALUES
(14, 0, 'Vocal');

INSERT INTO categorie
(noCategorie, parent, nom)
VALUES
(15, 0, 'Hip Hop/Rap');

INSERT INTO categorie
(noCategorie, parent, nom)
VALUES
(16, 0, 'Heavy Metal');

INSERT INTO categorie
(noCategorie, parent, nom)
VALUES
(17, 0, 'Inspirational');

INSERT INTO categorie
(noCategorie, parent, nom)
VALUES
(18, 0, 'Rock');

INSERT INTO categorie
(noCategorie, parent, nom)
VALUES
(19, 0, 'Pop');

INSERT INTO categorie
(noCategorie, parent, nom)
VALUES
(20, 0, 'World');

INSERT INTO categorie
(noCategorie, parent, nom)
VALUES
(21, 0, 'Alternative');

INSERT INTO categorie
(noCategorie, parent, nom)
VALUES
(22, 0, 'Children''s');

INSERT INTO categorie
(noCategorie, parent, nom)
VALUES
(23, NULL, 'Conferences and Tradeshows');

INSERT INTO categorie
(noCategorie, parent, nom)
VALUES
(24, 23, 'Career');

INSERT INTO categorie
(noCategorie, parent, nom)
VALUES
(25, 23, 'Convention');

INSERT INTO categorie
(noCategorie, parent, nom)
VALUES
(26, 23, 'Seminar');

INSERT INTO categorie
(noCategorie, parent, nom)
VALUES
(27, 23, 'Talks/Lectures');

INSERT INTO categorie
(noCategorie, parent, nom)
VALUES
(28, NULL, 'Comedy');

INSERT INTO categorie
(noCategorie, parent, nom)
VALUES
(29, NULL, 'Education');

INSERT INTO categorie
(noCategorie, parent, nom)
VALUES
(30, 29, 'Class/Workshop');

INSERT INTO categorie
(noCategorie, parent, nom)
VALUES
(31, NULL, 'Kids and Family');

INSERT INTO categorie
(noCategorie, parent, nom)
VALUES
(32, NULL, 'Festivals');

INSERT INTO categorie
(noCategorie, parent, nom)
VALUES
(33, 32, 'Circus');

INSERT INTO categorie
(noCategorie, parent, nom)
VALUES
(34, 32, 'Festival');

INSERT INTO categorie
(noCategorie, parent, nom)
VALUES
(35, 32, 'Fairs');

INSERT INTO categorie
(noCategorie, parent, nom)
VALUES
(36, 32, 'Parade');

INSERT INTO categorie
(noCategorie, parent, nom)
VALUES
(37, NULL, 'Film');

INSERT INTO categorie
(noCategorie, parent, nom)
VALUES
(38, 37, 'Film Festival');

INSERT INTO categorie
(noCategorie, parent, nom)
VALUES
(39, NULL, 'Food and Wine');

INSERT INTO categorie
(noCategorie, parent, nom)
VALUES
(40, 39, 'Beer');

INSERT INTO categorie
(noCategorie, parent, nom)
VALUES
(41, 39, 'Wine');

INSERT INTO categorie
(noCategorie, parent, nom)
VALUES
(42, 39, 'Farmer’s Market');

INSERT INTO categorie
(noCategorie, parent, nom)
VALUES
(43, 39, 'Tastings');

INSERT INTO categorie
(noCategorie, parent, nom)
VALUES
(44, NULL, 'Fundraising and Charity');

INSERT INTO categorie
(noCategorie, parent, nom)
VALUES
(45, 44, 'Blood Drive');

INSERT INTO categorie
(noCategorie, parent, nom)
VALUES
(46, 44, 'Volunteer');

INSERT INTO categorie
(noCategorie, parent, nom)
VALUES
(47, NULL, 'Art Galleries and Exhibits');

INSERT INTO categorie
(noCategorie, parent, nom)
VALUES
(48, 47, 'Antiques');

INSERT INTO categorie
(noCategorie, parent, nom)
VALUES
(49, 47, 'Painting');

INSERT INTO categorie
(noCategorie, parent, nom)
VALUES
(50, 47, 'Photography');

INSERT INTO categorie
(noCategorie, parent, nom)
VALUES
(51, 47, 'Art Exhibits');

INSERT INTO categorie
(noCategorie, parent, nom)
VALUES
(52, 47, 'Arts and Crafts');

INSERT INTO categorie
(noCategorie, parent, nom)
VALUES
(53, 47, 'Fashion');

INSERT INTO categorie
(noCategorie, parent, nom)
VALUES
(54, NULL, 'Health and Wellness');

INSERT INTO categorie
(noCategorie, parent, nom)
VALUES
(55, 54, 'Fitness');

INSERT INTO categorie
(noCategorie, parent, nom)
VALUES
(56, 54, 'Senior Health');

INSERT INTO categorie
(noCategorie, parent, nom)
VALUES
(57, 54, 'Support');

INSERT INTO categorie
(noCategorie, parent, nom)
VALUES
(58, 54, 'Yoga');

INSERT INTO categorie
(noCategorie, parent, nom)
VALUES
(59, NULL, 'Holiday');

INSERT INTO categorie
(noCategorie, parent, nom)
VALUES
(60, NULL, 'Literary and Books');

INSERT INTO categorie
(noCategorie, parent, nom)
VALUES
(61, 60, 'Poetry');

INSERT INTO categorie
(noCategorie, parent, nom)
VALUES
(62, NULL, 'Museums and Attractions');

INSERT INTO categorie
(noCategorie, parent, nom)
VALUES
(63, NULL, 'Neighborhood');

INSERT INTO categorie
(noCategorie, parent, nom)
VALUES
(64, 63, 'Library');

INSERT INTO categorie
(noCategorie, parent, nom)
VALUES
(65, 63, 'Holiday');

INSERT INTO categorie
(noCategorie, parent, nom)
VALUES
(66, 63, 'Seasonal');

INSERT INTO categorie
(noCategorie, parent, nom)
VALUES
(67, NULL, 'Business and Networking');

INSERT INTO categorie
(noCategorie, parent, nom)
VALUES
(68, NULL, 'Nightlife and Singles');

INSERT INTO categorie
(noCategorie, parent, nom)
VALUES
(69, 68, 'Trivia Night');

INSERT INTO categorie
(noCategorie, parent, nom)
VALUES
(70, 68, 'Comedy');

INSERT INTO categorie
(noCategorie, parent, nom)
VALUES
(71, 68, 'Bars');

INSERT INTO categorie
(noCategorie, parent, nom)
VALUES
(72, 68, 'Dating');

INSERT INTO categorie
(noCategorie, parent, nom)
VALUES
(73, 68, 'Karaoke');

INSERT INTO categorie
(noCategorie, parent, nom)
VALUES
(74, 68, 'Open Mic');

INSERT INTO categorie
(noCategorie, parent, nom)
VALUES
(75, NULL, 'University and Alumni');

INSERT INTO categorie
(noCategorie, parent, nom)
VALUES
(76, NULL, 'Organizations and Meetups');

INSERT INTO categorie
(noCategorie, parent, nom)
VALUES
(77, NULL, 'Outdoors and Recreation');

INSERT INTO categorie
(noCategorie, parent, nom)
VALUES
(78, 77, 'Cycling');

INSERT INTO categorie
(noCategorie, parent, nom)
VALUES
(79, 77, 'Hiking');

INSERT INTO categorie
(noCategorie, parent, nom)
VALUES
(80, 77, 'Nature');

INSERT INTO categorie
(noCategorie, parent, nom)
VALUES
(81, 77, 'Running');

INSERT INTO categorie
(noCategorie, parent, nom)
VALUES
(82, NULL, 'Performing Arts');

INSERT INTO categorie
(noCategorie, parent, nom)
VALUES
(83, 82, 'Cabaret');

INSERT INTO categorie
(noCategorie, parent, nom)
VALUES
(84, 82, 'Opera');

INSERT INTO categorie
(noCategorie, parent, nom)
VALUES
(85, 82, 'Dance');

INSERT INTO categorie
(noCategorie, parent, nom)
VALUES
(86, 82, 'Musical');

INSERT INTO categorie
(noCategorie, parent, nom)
VALUES
(87, 82, 'Ballet');

INSERT INTO categorie
(noCategorie, parent, nom)
VALUES
(88, 82, 'Comedy');

INSERT INTO categorie
(noCategorie, parent, nom)
VALUES
(89, 82, 'Theatre');

INSERT INTO categorie
(noCategorie, parent, nom)
VALUES
(90, NULL, 'Pets');

INSERT INTO categorie
(noCategorie, parent, nom)
VALUES
(91, 90, 'Cats');

INSERT INTO categorie
(noCategorie, parent, nom)
VALUES
(92, 90, 'Dogs');

INSERT INTO categorie
(noCategorie, parent, nom)
VALUES
(93, NULL, 'Politics and Activism');

INSERT INTO categorie
(noCategorie, parent, nom)
VALUES
(94, NULL, 'Sales and Retail');

INSERT INTO categorie
(noCategorie, parent, nom)
VALUES
(95, 94, 'Auction');

INSERT INTO categorie
(noCategorie, parent, nom)
VALUES
(96, 94, 'Craft Show');

INSERT INTO categorie
(noCategorie, parent, nom)
VALUES
(97, 94, 'Flea Market');

INSERT INTO categorie
(noCategorie, parent, nom)
VALUES
(98, 94, 'Yard Sale');

INSERT INTO categorie
(noCategorie, parent, nom)
VALUES
(99, 94, 'Retail');

INSERT INTO categorie
(noCategorie, parent, nom)
VALUES
(100, NULL, 'Science');

INSERT INTO categorie
(noCategorie, parent, nom)
VALUES
(101, NULL, 'Religion and Spirituality');

INSERT INTO categorie
(noCategorie, parent, nom)
VALUES
(102, NULL, 'Sports');

INSERT INTO categorie
(noCategorie, parent, nom)
VALUES
(103, 102, 'Auto Racing');

INSERT INTO categorie
(noCategorie, parent, nom)
VALUES
(104, 102, 'Dance');

INSERT INTO categorie
(noCategorie, parent, nom)
VALUES
(105, 102, 'Gymnastics');

INSERT INTO categorie
(noCategorie, parent, nom)
VALUES
(106, 102, 'Ice Skating/Skiing');

INSERT INTO categorie
(noCategorie, parent, nom)
VALUES
(107, 102, 'Softball');

INSERT INTO categorie
(noCategorie, parent, nom)
VALUES
(108, 102, 'Swimming/Diving');

INSERT INTO categorie
(noCategorie, parent, nom)
VALUES
(109, 102, 'Volleyball');

INSERT INTO categorie
(noCategorie, parent, nom)
VALUES
(110, 102, 'Baseball');

INSERT INTO categorie
(noCategorie, parent, nom)
VALUES
(111, 102, 'Basketball');

INSERT INTO categorie
(noCategorie, parent, nom)
VALUES
(112, 102, 'Cricket');

INSERT INTO categorie
(noCategorie, parent, nom)
VALUES
(113, 102, 'Football');

INSERT INTO categorie
(noCategorie, parent, nom)
VALUES
(114, 102, 'Golf');

INSERT INTO categorie
(noCategorie, parent, nom)
VALUES
(115, 102, 'Hockey');

INSERT INTO categorie
(noCategorie, parent, nom)
VALUES
(116, 102, 'Rugby');

INSERT INTO categorie
(noCategorie, parent, nom)
VALUES
(117, 102, 'Soccer');

INSERT INTO categorie
(noCategorie, parent, nom)
VALUES
(118, 102, 'Tennis');

INSERT INTO categorie
(noCategorie, parent, nom)
VALUES
(119, 102, 'Wrestling');

INSERT INTO categorie
(noCategorie, parent, nom)
VALUES
(120, NULL, 'Technology');

INSERT INTO categorie
(noCategorie, parent, nom)
VALUES
(121, 120, 'Computer');

INSERT INTO categorie
(noCategorie, parent, nom)
VALUES
(122, NULL, 'Other and Miscellaneous');

INSERT INTO coupon
(codeCoupon, Rabais, expiration, description)
VALUES
(0, 0.65, to_date('2017-02-08','yyyy-mm-dd'), 'age d''or');

INSERT INTO coupon
(codeCoupon, Rabais, expiration, description)
VALUES
(1, 0.7, to_date('2017-10-06','yyyy-mm-dd'), 'etudiant');

INSERT INTO coupon
(codeCoupon, Rabais, expiration, description)
VALUES
(2, 0.5, to_date('2020-12-04','yyyy-mm-dd'), 'employe');

INSERT INTO coupon
(codeCoupon, Rabais, expiration, description)
VALUES
(3, 0.9, to_date('2016-11-16','yyyy-mm-dd'), 'membre');

INSERT INTO coupon
(codeCoupon, Rabais, expiration, description)
VALUES
(4, 0.95, to_date('2020-02-28','yyyy-mm-dd'), 'special');

INSERT INTO coupon
(codeCoupon, Rabais, expiration, description)
VALUES
(5, 0.6, to_date('2020-10-28','yyyy-mm-dd'), 'ouverture');

INSERT INTO evenement
(noEvenement, titre, description, siteWeb, duree, imageAffiche, noCategorie)
VALUES
(0, 'Will Stroet and The Backyard Band', NULL, 'http://eventful.com/kitchener/events/will-stroet-and-backyard-band-/E0-001-093519012-1?utm_source=apiseutm_medium=apimeutm_campaign=apic', INTERVAL '02:30' HOUR TO MINUTE, NULL, 82);

INSERT INTO evenement
(noEvenement, titre, description, siteWeb, duree, imageAffiche, noCategorie)
VALUES
(1, 'The Bockety World of Henry and Bucket', NULL, 'http://eventful.com/kitchener/events/bockety-world-henry-and-bucket-/E0-001-093519008-8?utm_source=apiseutm_medium=apimeutm_campaign=apic', INTERVAL '48:00' HOUR TO MINUTE, NULL, 82);

INSERT INTO evenement
(noEvenement, titre, description, siteWeb, duree, imageAffiche, noCategorie)
VALUES
(2, 'Blue Rodeo', NULL, 'http://eventful.com/kitchener/events/blue-rodeo-/E0-001-097186050-1?utm_source=apiseutm_medium=apimeutm_campaign=apic', INTERVAL '02:30' HOUR TO MINUTE, NULL, 0);

INSERT INTO evenement
(noEvenement, titre, description, siteWeb, duree, imageAffiche, noCategorie)
VALUES
(3, 'Good Noise Vancouver Gospel Choir presents Somethi', 'Good Noise Vancouver Gospel Choir presents its cherished holiday concert, Something to Treasure – A Good Noise Christmas, Dec. 9 e 10, 7pm at Christ Church Cathedral in Vancouver, and Dec. 11, 3pm at Fraserview MB Church in Richmond. This beloved musical tradition, which sells out each year, combines the 90 spirited voices of Good Noise with guest performers, Abbotsford ensemble The Alumni Project, in gospel hits and stirring new arrangements to ring in the festive season. Ideal for audiences of all ages, t', 'http://vancouver.eventful.com/events/good-noise-vancouver-go-/E0-001-097548645-9@2016120919?utm_source=apiseutm_medium=apimeutm_campaign=apic', INTERVAL '24:00' HOUR TO MINUTE, NULL, 0);

INSERT INTO evenement
(noEvenement, titre, description, siteWeb, duree, imageAffiche, noCategorie)
VALUES
(4, 'Sublime with Rome', NULL, 'http://montreal.eventful.com/events/sublime-rome-/E0-001-096455876-9?utm_source=apiseutm_medium=apimeutm_campaign=apic', INTERVAL '02:00' HOUR TO MINUTE, NULL, 0);

INSERT INTO evenement
(noEvenement, titre, description, siteWeb, duree, imageAffiche, noCategorie)
VALUES
(5, 'Banners', NULL, 'http://edmonton.eventful.com/events/banners-/E0-001-097548637-0?utm_source=apiseutm_medium=apimeutm_campaign=apic', INTERVAL '10:00' HOUR TO MINUTE, NULL, 0);

INSERT INTO evenement
(noEvenement, titre, description, siteWeb, duree, imageAffiche, noCategorie)
VALUES
(6, 'Banners', NULL, 'http://edmonton.eventful.com/events/banners-/E0-001-097548638-9?utm_source=apiseutm_medium=apimeutm_campaign=apic', INTERVAL '24:00' HOUR TO MINUTE, NULL, 0);

INSERT INTO evenement
(noEvenement, titre, description, siteWeb, duree, imageAffiche, noCategorie)
VALUES
(7, 'Marianas Trench', NULL, 'http://eventful.com/events/marianas-trench-/E0-001-096187555-9?utm_source=apiseutm_medium=apimeutm_campaign=apic', INTERVAL '10:00' HOUR TO MINUTE, NULL, 0);

INSERT INTO evenement
(noEvenement, titre, description, siteWeb, duree, imageAffiche, noCategorie)
VALUES
(8, 'Grug and The Rainbow', NULL, 'http://eventful.com/kitchener/events/grug-and-rainbow-/E0-001-093519001-5?utm_source=apiseutm_medium=apimeutm_campaign=apic', INTERVAL '48:00' HOUR TO MINUTE, NULL, 82);

INSERT INTO evenement
(noEvenement, titre, description, siteWeb, duree, imageAffiche, noCategorie)
VALUES
(9, 'Jan Lisiecki', NULL, 'http://ottawa.eventful.com/events/jan-lisiecki-/E0-001-097547665-6?utm_source=apiseutm_medium=apimeutm_campaign=apic', INTERVAL '24:00' HOUR TO MINUTE, NULL, 0);

INSERT INTO evenement
(noEvenement, titre, description, siteWeb, duree, imageAffiche, noCategorie)
VALUES
(10, 'Jan Lisiecki', NULL, 'http://ottawa.eventful.com/events/jan-lisiecki-/E0-001-097547666-5?utm_source=apiseutm_medium=apimeutm_campaign=apic', INTERVAL '02:00' HOUR TO MINUTE, NULL, 0);

INSERT INTO evenement
(noEvenement, titre, description, siteWeb, duree, imageAffiche, noCategorie)
VALUES
(11, 'From Paris to New York', NULL, 'http://ottawa.eventful.com/events/paris-new-york-/E0-001-097547656-8?utm_source=apiseutm_medium=apimeutm_campaign=apic', INTERVAL '24:00' HOUR TO MINUTE, NULL, 0);

INSERT INTO evenement
(noEvenement, titre, description, siteWeb, duree, imageAffiche, noCategorie)
VALUES
(12, 'Soo Greyhounds at Sudbury Wolves', NULL, 'http://eventful.com/sudbury/events/soo-greyhounds-sudbury-wolves-/E0-001-097547313-6?utm_source=apiseutm_medium=apimeutm_campaign=apic', INTERVAL '03:00' HOUR TO MINUTE, NULL, 102);

INSERT INTO evenement
(noEvenement, titre, description, siteWeb, duree, imageAffiche, noCategorie)
VALUES
(13, 'North Bay Battalion at Sudbury Wolves', NULL, 'http://eventful.com/sudbury/events/north-bay-battalion-sudbury-wolves-/E0-001-097547304-8?utm_source=apiseutm_medium=apimeutm_campaign=apic', INTERVAL '04:00' HOUR TO MINUTE, NULL, 102);

INSERT INTO evenement
(noEvenement, titre, description, siteWeb, duree, imageAffiche, noCategorie)
VALUES
(14, 'Moon Mouse: A Space Odyssey', NULL, 'http://eventful.com/kitchener/events/moon-mouse-space-odyssey-/E0-001-093519003-3?utm_source=apiseutm_medium=apimeutm_campaign=apic', INTERVAL '48:00' HOUR TO MINUTE, NULL, 82);

INSERT INTO evenement
(noEvenement, titre, description, siteWeb, duree, imageAffiche, noCategorie)
VALUES
(15, 'Billy Talent with Monster Truck and The Dirty Nil', NULL, 'http://calgary.eventful.com/events/billy-talent-monster-truck-and-dirty-nil-/E0-001-097303823-0?utm_source=apiseutm_medium=apimeutm_campaign=apic', INTERVAL '04:00' HOUR TO MINUTE, NULL, 0);

INSERT INTO evenement
(noEvenement, titre, description, siteWeb, duree, imageAffiche, noCategorie)
VALUES
(16, 'Visions and Voyages', NULL, 'http://eventful.com/events/visions-and-voyages-/E0-001-097546924-9?utm_source=apiseutm_medium=apimeutm_campaign=apic', INTERVAL '01:30' HOUR TO MINUTE, NULL, 0);

INSERT INTO evenement
(noEvenement, titre, description, siteWeb, duree, imageAffiche, noCategorie)
VALUES
(17, 'A Tribe Called Red', NULL, 'http://eventful.com/saskatoon/events/tribe-called-red-/E0-001-096315993-2?utm_source=apiseutm_medium=apimeutm_campaign=apic', INTERVAL '10:00' HOUR TO MINUTE, NULL, 0);

INSERT INTO evenement
(noEvenement, titre, description, siteWeb, duree, imageAffiche, noCategorie)
VALUES
(18, 'Visions and Voyages', NULL, 'http://eventful.com/events/visions-and-voyages-/E0-001-097546634-9?utm_source=apiseutm_medium=apimeutm_campaign=apic', INTERVAL '04:00' HOUR TO MINUTE, NULL, 0);

INSERT INTO evenement
(noEvenement, titre, description, siteWeb, duree, imageAffiche, noCategorie)
VALUES
(19, 'Visions and Voyages', NULL, 'http://eventful.com/events/visions-and-voyages-/E0-001-097546626-0?utm_source=apiseutm_medium=apimeutm_campaign=apic', INTERVAL '01:00' HOUR TO MINUTE, NULL, 0);

INSERT INTO evenement
(noEvenement, titre, description, siteWeb, duree, imageAffiche, noCategorie)
VALUES
(20, 'Visions and Voyages', NULL, 'http://eventful.com/events/visions-and-voyages-/E0-001-097546627-9?utm_source=apiseutm_medium=apimeutm_campaign=apic', INTERVAL '10:00' HOUR TO MINUTE, NULL, 0);

INSERT INTO evenement
(noEvenement, titre, description, siteWeb, duree, imageAffiche, noCategorie)
VALUES
(21, 'Bach', NULL, 'http://eventful.com/events/bach-/E0-001-097546570-2?utm_source=apiseutm_medium=apimeutm_campaign=apic', INTERVAL '06:00' HOUR TO MINUTE, NULL, 0);

INSERT INTO evenement
(noEvenement, titre, description, siteWeb, duree, imageAffiche, noCategorie)
VALUES
(22, 'Bach', NULL, 'http://eventful.com/events/bach-/E0-001-097546579-3?utm_source=apiseutm_medium=apimeutm_campaign=apic', INTERVAL '02:30' HOUR TO MINUTE, NULL, 0);

INSERT INTO evenement
(noEvenement, titre, description, siteWeb, duree, imageAffiche, noCategorie)
VALUES
(23, 'Bach', NULL, 'http://eventful.com/events/bach-/E0-001-097546576-6?utm_source=apiseutm_medium=apimeutm_campaign=apic', INTERVAL '10:00' HOUR TO MINUTE, NULL, 0);

INSERT INTO evenement
(noEvenement, titre, description, siteWeb, duree, imageAffiche, noCategorie)
VALUES
(24, 'Bach', NULL, 'http://eventful.com/events/bach-/E0-001-097546572-0?utm_source=apiseutm_medium=apimeutm_campaign=apic', INTERVAL '02:30' HOUR TO MINUTE, NULL, 0);

INSERT INTO evenement
(noEvenement, titre, description, siteWeb, duree, imageAffiche, noCategorie)
VALUES
(25, 'ABBA Mania', NULL, 'http://eventful.com/events/abba-mania-/E0-001-097548531-7?utm_source=apiseutm_medium=apimeutm_campaign=apic', INTERVAL '48:00' HOUR TO MINUTE, NULL, 0);

INSERT INTO evenement
(noEvenement, titre, description, siteWeb, duree, imageAffiche, noCategorie)
VALUES
(26, 'Stomp', NULL, 'http://eventful.com/events/stomp-/E0-001-096925903-0?utm_source=apiseutm_medium=apimeutm_campaign=apic', INTERVAL '10:00' HOUR TO MINUTE, NULL, 82);

INSERT INTO evenement
(noEvenement, titre, description, siteWeb, duree, imageAffiche, noCategorie)
VALUES
(27, 'Lethbridge Hurricanes vs. Swift Current Broncos', ' WHL Hockey', 'http://eventful.com/events/lethbridge-hurricanes-vs-swift-current-broncos-/E0-001-096211986-7?utm_source=apiseutm_medium=apimeutm_campaign=apic', INTERVAL '48:00' HOUR TO MINUTE, NULL, 102);

INSERT INTO evenement
(noEvenement, titre, description, siteWeb, duree, imageAffiche, noCategorie)
VALUES
(28, 'Lisa Loeb', NULL, 'http://ottawa.eventful.com/events/lisa-loeb-/E0-001-094256369-9?utm_source=apiseutm_medium=apimeutm_campaign=apic', INTERVAL '01:00' HOUR TO MINUTE, NULL, 0);

INSERT INTO evenement
(noEvenement, titre, description, siteWeb, duree, imageAffiche, noCategorie)
VALUES
(29, 'Grug and The Rainbow', NULL, 'http://eventful.com/kitchener/events/grug-and-rainbow-/E0-001-093519002-4?utm_source=apiseutm_medium=apimeutm_campaign=apic', INTERVAL '03:00' HOUR TO MINUTE, NULL, 82);

INSERT INTO evenement
(noEvenement, titre, description, siteWeb, duree, imageAffiche, noCategorie)
VALUES
(30, 'Will Stroet and The Backyard Band', NULL, 'http://eventful.com/kitchener/events/will-stroet-and-backyard-band-/E0-001-093519011-2?utm_source=apiseutm_medium=apimeutm_campaign=apic', INTERVAL '06:00' HOUR TO MINUTE, NULL, 82);

INSERT INTO evenement
(noEvenement, titre, description, siteWeb, duree, imageAffiche, noCategorie)
VALUES
(31, 'The Bockety World of Henry and Bucket', NULL, 'http://eventful.com/kitchener/events/bockety-world-henry-and-bucket-/E0-001-093519009-7?utm_source=apiseutm_medium=apimeutm_campaign=apic', INTERVAL '06:00' HOUR TO MINUTE, NULL, 31);

INSERT INTO evenement
(noEvenement, titre, description, siteWeb, duree, imageAffiche, noCategorie)
VALUES
(32, 'Moon Mouse: A Space Odyssey', NULL, 'http://eventful.com/kitchener/events/moon-mouse-space-odyssey-/E0-001-093519005-1?utm_source=apiseutm_medium=apimeutm_campaign=apic', INTERVAL '03:00' HOUR TO MINUTE, NULL, 82);

INSERT INTO evenement
(noEvenement, titre, description, siteWeb, duree, imageAffiche, noCategorie)
VALUES
(33, 'Medicine Hat Tigers vs. Vancouver Giants', ' WHL Hockey', 'http://eventful.com/events/medicine-hat-tigers-vs-vancouver-giants-/E0-001-096211897-4?utm_source=apiseutm_medium=apimeutm_campaign=apic', INTERVAL '02:00' HOUR TO MINUTE, NULL, 102);

INSERT INTO evenement
(noEvenement, titre, description, siteWeb, duree, imageAffiche, noCategorie)
VALUES
(34, 'Visions and Voyages', NULL, 'http://eventful.com/events/visions-and-voyages-/E0-001-097546635-8?utm_source=apiseutm_medium=apimeutm_campaign=apic', INTERVAL '06:00' HOUR TO MINUTE, NULL, 0);

INSERT INTO evenement
(noEvenement, titre, description, siteWeb, duree, imageAffiche, noCategorie)
VALUES
(35, 'Visions and Voyages', NULL, 'http://eventful.com/events/visions-and-voyages-/E0-001-097546629-7?utm_source=apiseutm_medium=apimeutm_campaign=apic', INTERVAL '04:00' HOUR TO MINUTE, NULL, 0);

INSERT INTO evenement
(noEvenement, titre, description, siteWeb, duree, imageAffiche, noCategorie)
VALUES
(36, 'Visions and Voyages', NULL, 'http://eventful.com/events/visions-and-voyages-/E0-001-097546624-2?utm_source=apiseutm_medium=apimeutm_campaign=apic', INTERVAL '02:00' HOUR TO MINUTE, NULL, 0);

INSERT INTO evenement
(noEvenement, titre, description, siteWeb, duree, imageAffiche, noCategorie)
VALUES
(37, 'Intimate German Baroque', NULL, 'http://eventful.com/events/intimate-german-baroque-/E0-001-097546611-8?utm_source=apiseutm_medium=apimeutm_campaign=apic', INTERVAL '04:00' HOUR TO MINUTE, NULL, 0);

INSERT INTO evenement
(noEvenement, titre, description, siteWeb, duree, imageAffiche, noCategorie)
VALUES
(38, 'Intimate German Baroque', NULL, 'http://eventful.com/events/intimate-german-baroque-/E0-001-097546614-5?utm_source=apiseutm_medium=apimeutm_campaign=apic', INTERVAL '10:00' HOUR TO MINUTE, NULL, 0);

INSERT INTO evenement
(noEvenement, titre, description, siteWeb, duree, imageAffiche, noCategorie)
VALUES
(39, 'Intimate German Baroque', NULL, 'http://eventful.com/events/intimate-german-baroque-/E0-001-097546607-5?utm_source=apiseutm_medium=apimeutm_campaign=apic', INTERVAL '01:30' HOUR TO MINUTE, NULL, 0);

INSERT INTO evenement
(noEvenement, titre, description, siteWeb, duree, imageAffiche, noCategorie)
VALUES
(40, 'Visions and Voyages', NULL, 'http://eventful.com/events/visions-and-voyages-/E0-001-097546630-3?utm_source=apiseutm_medium=apimeutm_campaign=apic', INTERVAL '01:00' HOUR TO MINUTE, NULL, 0);

INSERT INTO evenement
(noEvenement, titre, description, siteWeb, duree, imageAffiche, noCategorie)
VALUES
(41, 'Intimate German Baroque', NULL, 'http://eventful.com/events/intimate-german-baroque-/E0-001-097546604-8?utm_source=apiseutm_medium=apimeutm_campaign=apic', INTERVAL '04:00' HOUR TO MINUTE, NULL, 0);

INSERT INTO evenement
(noEvenement, titre, description, siteWeb, duree, imageAffiche, noCategorie)
VALUES
(42, 'Intimate German Baroque', NULL, 'http://eventful.com/events/intimate-german-baroque-/E0-001-097546605-7?utm_source=apiseutm_medium=apimeutm_campaign=apic', INTERVAL '06:00' HOUR TO MINUTE, NULL, 0);

INSERT INTO evenement
(noEvenement, titre, description, siteWeb, duree, imageAffiche, noCategorie)
VALUES
(43, 'Intimate German Baroque', NULL, 'http://eventful.com/events/intimate-german-baroque-/E0-001-097546608-4?utm_source=apiseutm_medium=apimeutm_campaign=apic', INTERVAL '04:00' HOUR TO MINUTE, NULL, 0);

INSERT INTO evenement
(noEvenement, titre, description, siteWeb, duree, imageAffiche, noCategorie)
VALUES
(44, 'A Bach Tapestry', NULL, 'http://eventful.com/events/bach-tapestry-/E0-001-097546433-2?utm_source=apiseutm_medium=apimeutm_campaign=apic', INTERVAL '02:30' HOUR TO MINUTE, NULL, 0);

INSERT INTO evenement
(noEvenement, titre, description, siteWeb, duree, imageAffiche, noCategorie)
VALUES
(45, 'A Bach Tapestry', NULL, 'http://eventful.com/events/bach-tapestry-/E0-001-097546439-6?utm_source=apiseutm_medium=apimeutm_campaign=apic', INTERVAL '02:00' HOUR TO MINUTE, NULL, 0);

INSERT INTO evenement
(noEvenement, titre, description, siteWeb, duree, imageAffiche, noCategorie)
VALUES
(46, 'A Bach Tapestry', NULL, 'http://eventful.com/events/bach-tapestry-/E0-001-097546434-1?utm_source=apiseutm_medium=apimeutm_campaign=apic', INTERVAL '04:00' HOUR TO MINUTE, NULL, 0);

INSERT INTO evenement
(noEvenement, titre, description, siteWeb, duree, imageAffiche, noCategorie)
VALUES
(47, 'A Bach Tapestry', NULL, 'http://eventful.com/events/bach-tapestry-/E0-001-097546437-8?utm_source=apiseutm_medium=apimeutm_campaign=apic', INTERVAL '06:00' HOUR TO MINUTE, NULL, 0);

INSERT INTO evenement
(noEvenement, titre, description, siteWeb, duree, imageAffiche, noCategorie)
VALUES
(48, 'A Bach Tapestry', NULL, 'http://eventful.com/events/bach-tapestry-/E0-001-097546436-9?utm_source=apiseutm_medium=apimeutm_campaign=apic', INTERVAL '10:00' HOUR TO MINUTE, NULL, 0);

INSERT INTO evenement
(noEvenement, titre, description, siteWeb, duree, imageAffiche, noCategorie)
VALUES
(49, 'A Bach Tapestry', NULL, 'http://eventful.com/events/bach-tapestry-/E0-001-097546432-3?utm_source=apiseutm_medium=apimeutm_campaign=apic', INTERVAL '01:30' HOUR TO MINUTE, NULL, 0);

INSERT INTO evenement
(noEvenement, titre, description, siteWeb, duree, imageAffiche, noCategorie)
VALUES
(50, 'A Bach Tapestry', NULL, 'http://eventful.com/events/bach-tapestry-/E0-001-097546440-2?utm_source=apiseutm_medium=apimeutm_campaign=apic', INTERVAL '02:00' HOUR TO MINUTE, NULL, 0);

INSERT INTO evenement
(noEvenement, titre, description, siteWeb, duree, imageAffiche, noCategorie)
VALUES
(51, 'Lethbridge Hurricanes vs. Calgary Hitmen', ' WHL Hockey', 'http://eventful.com/events/lethbridge-hurricanes-vs-calgary-hitmen-/E0-001-096212029-8?utm_source=apiseutm_medium=apimeutm_campaign=apic', INTERVAL '01:30' HOUR TO MINUTE, NULL, 102);

INSERT INTO evenement
(noEvenement, titre, description, siteWeb, duree, imageAffiche, noCategorie)
VALUES
(52, 'Lethbridge Hurricanes vs. Edmonton Oil Kings', ' WHL Hockey', 'http://eventful.com/events/lethbridge-hurricanes-vs-edmonton-oil-kings-/E0-001-096211879-8?utm_source=apiseutm_medium=apimeutm_campaign=apic', INTERVAL '01:30' HOUR TO MINUTE, NULL, 102);

INSERT INTO evenement
(noEvenement, titre, description, siteWeb, duree, imageAffiche, noCategorie)
VALUES
(53, 'Cabaret', ' <p>As part of their 50th Anniversary Season, the critically acclaimed and award-winning Roundabout Theatre Company is proud to present SAM MENDES (<i>Skyfall, American Beauty</i>) and ROB MARSHALL’S (<i>Into the Woods and Chicago</i>, the films) Tony Award®-winning production of CABARET.<p>Come hear some of the most memorable songs in theatre history, including <i>Cabaret, Willkommen</i> and <i>Maybe This Time</i>. Leave your troubles outside—life is beautiful at CABARET, JOHN KANDER, FRED EBB and JOE MAST', 'http://toronto.eventful.com/events/cabaret-/E0-001-091680882-1@2017021400?utm_source=apiseutm_medium=apimeutm_campaign=apic', INTERVAL '01:30' HOUR TO MINUTE, NULL, 31);

INSERT INTO evenement
(noEvenement, titre, description, siteWeb, duree, imageAffiche, noCategorie)
VALUES
(54, 'Lethbridge Hurricanes vs. Kamloops Blazers', ' WHL Hockey', 'http://eventful.com/events/lethbridge-hurricanes-vs-kamloops-blazers-/E0-001-096211753-1?utm_source=apiseutm_medium=apimeutm_campaign=apic', INTERVAL '06:00' HOUR TO MINUTE, NULL, 102);

INSERT INTO evenement
(noEvenement, titre, description, siteWeb, duree, imageAffiche, noCategorie)
VALUES
(55, 'Sudbury Wolves vs. Peterborough Petes', ' OHL Hockey', 'http://eventful.com/sudbury/events/sudbury-wolves-vs-peterborough-petes-/E0-001-096210739-4?utm_source=apiseutm_medium=apimeutm_campaign=apic', INTERVAL '02:30' HOUR TO MINUTE, NULL, 102);

INSERT INTO evenement
(noEvenement, titre, description, siteWeb, duree, imageAffiche, noCategorie)
VALUES
(56, 'Sudbury Wolves vs. Sault Ste. Marie Greyhounds', ' OHL Hockey', 'http://eventful.com/sudbury/events/sudbury-wolves-vs-sault-ste-marie-greyhounds-/E0-001-096210799-6?utm_source=apiseutm_medium=apimeutm_campaign=apic', INTERVAL '02:00' HOUR TO MINUTE, NULL, 102);

INSERT INTO evenement
(noEvenement, titre, description, siteWeb, duree, imageAffiche, noCategorie)
VALUES
(57, 'Sudbury Wolves vs. Sault Ste. Marie Greyhounds', ' OHL Hockey', 'http://eventful.com/sudbury/events/sudbury-wolves-vs-sault-ste-marie-greyhounds-/E0-001-096210981-5?utm_source=apiseutm_medium=apimeutm_campaign=apic', INTERVAL '10:00' HOUR TO MINUTE, NULL, 102);

INSERT INTO evenement
(noEvenement, titre, description, siteWeb, duree, imageAffiche, noCategorie)
VALUES
(58, 'Gino Monopoli', NULL, 'http://calgary.eventful.com/events/gino-monopoli-/E0-001-097083584-5?utm_source=apiseutm_medium=apimeutm_campaign=apic', INTERVAL '24:00' HOUR TO MINUTE, NULL, 0);

INSERT INTO evenement
(noEvenement, titre, description, siteWeb, duree, imageAffiche, noCategorie)
VALUES
(59, 'Sudbury Wolves vs. Mississauga St. Michael''s Major', ' OHL Hockey', 'http://eventful.com/sudbury/events/sudbury-wolves-vs-mississauga-st-michaels-majors-/E0-001-096210700-2?utm_source=apiseutm_medium=apimeutm_campaign=apic', INTERVAL '01:30' HOUR TO MINUTE, NULL, 102);

INSERT INTO evenement
(noEvenement, titre, description, siteWeb, duree, imageAffiche, noCategorie)
VALUES
(60, 'Sudbury Wolves vs. Guelph Storm', ' OHL Hockey', 'http://eventful.com/sudbury/events/sudbury-wolves-vs-guelph-storm-/E0-001-096210610-0?utm_source=apiseutm_medium=apimeutm_campaign=apic', INTERVAL '02:00' HOUR TO MINUTE, NULL, 102);

INSERT INTO evenement
(noEvenement, titre, description, siteWeb, duree, imageAffiche, noCategorie)
VALUES
(61, 'Sudbury Wolves vs. Brampton Battalion', ' OHL Hockey', 'http://eventful.com/sudbury/events/sudbury-wolves-vs-brampton-battalion-/E0-001-096210850-6?utm_source=apiseutm_medium=apimeutm_campaign=apic', INTERVAL '02:30' HOUR TO MINUTE, NULL, 102);

INSERT INTO evenement
(noEvenement, titre, description, siteWeb, duree, imageAffiche, noCategorie)
VALUES
(62, 'Lethbridge Hurricanes vs. Kootenay Ice', ' WHL Hockey', 'http://eventful.com/events/lethbridge-hurricanes-vs-kootenay-ice-/E0-001-096212518-7?utm_source=apiseutm_medium=apimeutm_campaign=apic', INTERVAL '01:00' HOUR TO MINUTE, NULL, 102);

INSERT INTO evenement
(noEvenement, titre, description, siteWeb, duree, imageAffiche, noCategorie)
VALUES
(63, 'Lethbridge Hurricanes vs. Saskatoon Blades', ' WHL Hockey', 'http://eventful.com/events/lethbridge-hurricanes-vs-saskatoon-blades-/E0-001-096212254-2?utm_source=apiseutm_medium=apimeutm_campaign=apic', INTERVAL '48:00' HOUR TO MINUTE, NULL, 102);

INSERT INTO evenement
(noEvenement, titre, description, siteWeb, duree, imageAffiche, noCategorie)
VALUES
(64, 'Sudbury Wolves vs. Saginaw Spirit', ' OHL Hockey', 'http://eventful.com/sudbury/events/sudbury-wolves-vs-saginaw-spirit-/E0-001-096210716-3?utm_source=apiseutm_medium=apimeutm_campaign=apic', INTERVAL '03:00' HOUR TO MINUTE, NULL, 102);

INSERT INTO evenement
(noEvenement, titre, description, siteWeb, duree, imageAffiche, noCategorie)
VALUES
(65, 'Lethbridge Hurricanes vs. Regina Pats', ' WHL Hockey', 'http://eventful.com/events/lethbridge-hurricanes-vs-regina-pats-/E0-001-096211700-9?utm_source=apiseutm_medium=apimeutm_campaign=apic', INTERVAL '02:30' HOUR TO MINUTE, NULL, 102);

INSERT INTO evenement
(noEvenement, titre, description, siteWeb, duree, imageAffiche, noCategorie)
VALUES
(66, 'Lethbridge Hurricanes vs. Calgary Hitmen', ' WHL Hockey', 'http://eventful.com/events/lethbridge-hurricanes-vs-calgary-hitmen-/E0-001-096212500-8?utm_source=apiseutm_medium=apimeutm_campaign=apic', INTERVAL '01:00' HOUR TO MINUTE, NULL, 102);

INSERT INTO evenement
(noEvenement, titre, description, siteWeb, duree, imageAffiche, noCategorie)
VALUES
(67, 'Gerry Dee', NULL, 'http://eventful.com/sudbury/events/gerry-dee-/E0-001-093924825-9?utm_source=apiseutm_medium=apimeutm_campaign=apic', INTERVAL '10:00' HOUR TO MINUTE, NULL, 68);

INSERT INTO evenement
(noEvenement, titre, description, siteWeb, duree, imageAffiche, noCategorie)
VALUES
(68, 'Lethbridge Hurricanes vs. Edmonton Oil Kings', ' WHL Hockey', 'http://eventful.com/events/lethbridge-hurricanes-vs-edmonton-oil-kings-/E0-001-096211959-3?utm_source=apiseutm_medium=apimeutm_campaign=apic', INTERVAL '01:30' HOUR TO MINUTE, NULL, 102);

INSERT INTO evenement
(noEvenement, titre, description, siteWeb, duree, imageAffiche, noCategorie)
VALUES
(69, 'Sudbury Wolves vs. Windsor Spitfires', ' OHL Hockey', 'http://eventful.com/sudbury/events/sudbury-wolves-vs-windsor-spitfires-/E0-001-096210548-4?utm_source=apiseutm_medium=apimeutm_campaign=apic', INTERVAL '24:00' HOUR TO MINUTE, NULL, 102);

INSERT INTO evenement
(noEvenement, titre, description, siteWeb, duree, imageAffiche, noCategorie)
VALUES
(70, 'Sudbury Wolves vs. Sault Ste. Marie Greyhounds', ' OHL Hockey', 'http://eventful.com/sudbury/events/sudbury-wolves-vs-sault-ste-marie-greyhounds-/E0-001-096210672-0?utm_source=apiseutm_medium=apimeutm_campaign=apic', INTERVAL '01:00' HOUR TO MINUTE, NULL, 102);

INSERT INTO evenement
(noEvenement, titre, description, siteWeb, duree, imageAffiche, noCategorie)
VALUES
(71, 'Sudbury Wolves vs. Brampton Battalion', ' OHL Hockey', 'http://eventful.com/sudbury/events/sudbury-wolves-vs-brampton-battalion-/E0-001-096210683-6?utm_source=apiseutm_medium=apimeutm_campaign=apic', INTERVAL '04:00' HOUR TO MINUTE, NULL, 102);

INSERT INTO evenement
(noEvenement, titre, description, siteWeb, duree, imageAffiche, noCategorie)
VALUES
(72, 'Sudbury Wolves vs. Niagara IceDogs', ' OHL Hockey', 'http://eventful.com/sudbury/events/sudbury-wolves-vs-niagara-icedogs-/E0-001-096210465-2?utm_source=apiseutm_medium=apimeutm_campaign=apic', INTERVAL '01:00' HOUR TO MINUTE, NULL, 102);

INSERT INTO evenement
(noEvenement, titre, description, siteWeb, duree, imageAffiche, noCategorie)
VALUES
(73, 'Sudbury Wolves vs. Sarnia Sting', ' OHL Hockey', 'http://eventful.com/sudbury/events/sudbury-wolves-vs-sarnia-sting-/E0-001-096210788-0?utm_source=apiseutm_medium=apimeutm_campaign=apic', INTERVAL '02:30' HOUR TO MINUTE, NULL, 102);

INSERT INTO evenement
(noEvenement, titre, description, siteWeb, duree, imageAffiche, noCategorie)
VALUES
(74, 'Gord Bamford', NULL, 'http://eventful.com/events/gord-bamford-/E0-001-096824585-4?utm_source=apiseutm_medium=apimeutm_campaign=apic', INTERVAL '02:30' HOUR TO MINUTE, NULL, 0);

INSERT INTO evenement
(noEvenement, titre, description, siteWeb, duree, imageAffiche, noCategorie)
VALUES
(75, 'Lethbridge Hurricanes vs. Edmonton Oil Kings', ' WHL Hockey', 'http://eventful.com/events/lethbridge-hurricanes-vs-edmonton-oil-kings-/E0-001-096212467-4?utm_source=apiseutm_medium=apimeutm_campaign=apic', INTERVAL '02:30' HOUR TO MINUTE, NULL, 102);

INSERT INTO evenement
(noEvenement, titre, description, siteWeb, duree, imageAffiche, noCategorie)
VALUES
(76, 'Sudbury Wolves vs. Brampton Battalion', ' OHL Hockey', 'http://eventful.com/sudbury/events/sudbury-wolves-vs-brampton-battalion-/E0-001-096211018-5?utm_source=apiseutm_medium=apimeutm_campaign=apic', INTERVAL '06:00' HOUR TO MINUTE, NULL, 102);

INSERT INTO evenement
(noEvenement, titre, description, siteWeb, duree, imageAffiche, noCategorie)
VALUES
(77, 'Lethbridge Hurricanes vs. Brandon Wheat Kings', ' WHL Hockey', 'http://eventful.com/events/lethbridge-hurricanes-vs-brandon-wheat-kings-/E0-001-096212306-4?utm_source=apiseutm_medium=apimeutm_campaign=apic', INTERVAL '01:30' HOUR TO MINUTE, NULL, 102);

INSERT INTO evenement
(noEvenement, titre, description, siteWeb, duree, imageAffiche, noCategorie)
VALUES
(78, 'Lethbridge Hurricanes vs. Kootenay Ice', ' WHL Hockey', 'http://eventful.com/events/lethbridge-hurricanes-vs-kootenay-ice-/E0-001-096211827-5?utm_source=apiseutm_medium=apimeutm_campaign=apic', INTERVAL '10:00' HOUR TO MINUTE, NULL, 102);

INSERT INTO evenement
(noEvenement, titre, description, siteWeb, duree, imageAffiche, noCategorie)
VALUES
(79, 'Sudbury Wolves vs. Barrie Colts', ' OHL Hockey', 'http://eventful.com/sudbury/events/sudbury-wolves-vs-barrie-colts-/E0-001-096210885-2?utm_source=apiseutm_medium=apimeutm_campaign=apic', INTERVAL '01:00' HOUR TO MINUTE, NULL, 102);

INSERT INTO evenement
(noEvenement, titre, description, siteWeb, duree, imageAffiche, noCategorie)
VALUES
(80, 'Sudbury Wolves vs. Barrie Colts', ' OHL Hockey', 'http://eventful.com/sudbury/events/sudbury-wolves-vs-barrie-colts-/E0-001-096210963-9?utm_source=apiseutm_medium=apimeutm_campaign=apic', INTERVAL '01:00' HOUR TO MINUTE, NULL, 102);

INSERT INTO evenement
(noEvenement, titre, description, siteWeb, duree, imageAffiche, noCategorie)
VALUES
(81, 'Lethbridge Hurricanes vs. Moose Jaw Warriors', ' WHL Hockey', 'http://eventful.com/events/lethbridge-hurricanes-vs-moose-jaw-warriors-/E0-001-096212282-5?utm_source=apiseutm_medium=apimeutm_campaign=apic', INTERVAL '02:00' HOUR TO MINUTE, NULL, 102);

INSERT INTO evenement
(noEvenement, titre, description, siteWeb, duree, imageAffiche, noCategorie)
VALUES
(82, 'Sudbury Wolves vs. Niagara IceDogs', ' OHL Hockey', 'http://eventful.com/sudbury/events/sudbury-wolves-vs-niagara-icedogs-/E0-001-096210865-8?utm_source=apiseutm_medium=apimeutm_campaign=apic', INTERVAL '03:00' HOUR TO MINUTE, NULL, 102);

INSERT INTO evenement
(noEvenement, titre, description, siteWeb, duree, imageAffiche, noCategorie)
VALUES
(83, 'Disney''s The Little Mermaid', NULL, 'http://toronto.eventful.com/events/disneys-little-mermaid-/E0-001-096323193-5@2016112612?utm_source=apiseutm_medium=apimeutm_campaign=apic', INTERVAL '24:00' HOUR TO MINUTE, NULL, 31);

INSERT INTO evenement
(noEvenement, titre, description, siteWeb, duree, imageAffiche, noCategorie)
VALUES
(84, 'Guelph Storm at Sudbury Wolves', NULL, 'http://eventful.com/sudbury/events/guelph-storm-sudbury-wolves-/E0-001-097547338-5?utm_source=apiseutm_medium=apimeutm_campaign=apic', INTERVAL '01:30' HOUR TO MINUTE, NULL, 102);

INSERT INTO evenement
(noEvenement, titre, description, siteWeb, duree, imageAffiche, noCategorie)
VALUES
(85, 'North Bay Battalion at Sudbury Wolves', NULL, 'http://eventful.com/sudbury/events/north-bay-battalion-sudbury-wolves-/E0-001-097547329-7?utm_source=apiseutm_medium=apimeutm_campaign=apic', INTERVAL '48:00' HOUR TO MINUTE, NULL, 102);

INSERT INTO evenement
(noEvenement, titre, description, siteWeb, duree, imageAffiche, noCategorie)
VALUES
(86, 'North Bay Battalion at Sudbury Wolves', NULL, 'http://eventful.com/sudbury/events/north-bay-battalion-sudbury-wolves-/E0-001-097547328-8?utm_source=apiseutm_medium=apimeutm_campaign=apic', INTERVAL '01:00' HOUR TO MINUTE, NULL, 102);

INSERT INTO evenement
(noEvenement, titre, description, siteWeb, duree, imageAffiche, noCategorie)
VALUES
(87, 'Niagara IceDogs at Sudbury Wolves', NULL, 'http://eventful.com/sudbury/events/niagara-icedogs-sudbury-wolves-/E0-001-097547325-1?utm_source=apiseutm_medium=apimeutm_campaign=apic', INTERVAL '48:00' HOUR TO MINUTE, NULL, 102);

INSERT INTO evenement
(noEvenement, titre, description, siteWeb, duree, imageAffiche, noCategorie)
VALUES
(88, 'Niagara IceDogs at Sudbury Wolves', NULL, 'http://eventful.com/sudbury/events/niagara-icedogs-sudbury-wolves-/E0-001-097547326-0?utm_source=apiseutm_medium=apimeutm_campaign=apic', INTERVAL '02:30' HOUR TO MINUTE, NULL, 102);

INSERT INTO evenement
(noEvenement, titre, description, siteWeb, duree, imageAffiche, noCategorie)
VALUES
(89, 'North Bay Battalion at Sudbury Wolves', NULL, 'http://eventful.com/sudbury/events/north-bay-battalion-sudbury-wolves-/E0-001-097547315-4?utm_source=apiseutm_medium=apimeutm_campaign=apic', INTERVAL '01:00' HOUR TO MINUTE, NULL, 102);

INSERT INTO evenement
(noEvenement, titre, description, siteWeb, duree, imageAffiche, noCategorie)
VALUES
(90, 'North Bay Battalion at Sudbury Wolves', NULL, 'http://eventful.com/sudbury/events/north-bay-battalion-sudbury-wolves-/E0-001-097547314-5?utm_source=apiseutm_medium=apimeutm_campaign=apic', INTERVAL '03:00' HOUR TO MINUTE, NULL, 102);

INSERT INTO evenement
(noEvenement, titre, description, siteWeb, duree, imageAffiche, noCategorie)
VALUES
(91, 'Barrie Colts at Sudbury Wolves', NULL, 'http://eventful.com/sudbury/events/barrie-colts-sudbury-wolves-/E0-001-097547312-7?utm_source=apiseutm_medium=apimeutm_campaign=apic', INTERVAL '06:00' HOUR TO MINUTE, NULL, 102);

INSERT INTO evenement
(noEvenement, titre, description, siteWeb, duree, imageAffiche, noCategorie)
VALUES
(92, 'Barrie Colts at Sudbury Wolves', NULL, 'http://eventful.com/sudbury/events/barrie-colts-sudbury-wolves-/E0-001-097547311-8?utm_source=apiseutm_medium=apimeutm_campaign=apic', INTERVAL '48:00' HOUR TO MINUTE, NULL, 102);

INSERT INTO evenement
(noEvenement, titre, description, siteWeb, duree, imageAffiche, noCategorie)
VALUES
(93, 'Barrie Colts at Sudbury Wolves', NULL, 'http://eventful.com/sudbury/events/barrie-colts-sudbury-wolves-/E0-001-097547307-5?utm_source=apiseutm_medium=apimeutm_campaign=apic', INTERVAL '04:00' HOUR TO MINUTE, NULL, 102);

INSERT INTO evenement
(noEvenement, titre, description, siteWeb, duree, imageAffiche, noCategorie)
VALUES
(94, 'Mississauga Steelheads at Sudbury Wolves', NULL, 'http://eventful.com/sudbury/events/mississauga-steelheads-sudbury-wolves-/E0-001-097547308-4?utm_source=apiseutm_medium=apimeutm_campaign=apic', INTERVAL '48:00' HOUR TO MINUTE, NULL, 102);

INSERT INTO evenement
(noEvenement, titre, description, siteWeb, duree, imageAffiche, noCategorie)
VALUES
(95, 'Mississauga Steelheads at Sudbury Wolves', NULL, 'http://eventful.com/sudbury/events/mississauga-steelheads-sudbury-wolves-/E0-001-097547309-3?utm_source=apiseutm_medium=apimeutm_campaign=apic', INTERVAL '03:00' HOUR TO MINUTE, NULL, 102);

INSERT INTO evenement
(noEvenement, titre, description, siteWeb, duree, imageAffiche, noCategorie)
VALUES
(96, 'Niagara IceDogs at Sudbury Wolves', NULL, 'http://eventful.com/sudbury/events/niagara-icedogs-sudbury-wolves-/E0-001-097547306-6?utm_source=apiseutm_medium=apimeutm_campaign=apic', INTERVAL '03:00' HOUR TO MINUTE, NULL, 102);

INSERT INTO evenement
(noEvenement, titre, description, siteWeb, duree, imageAffiche, noCategorie)
VALUES
(97, 'Soo Greyhounds at Sudbury Wolves', NULL, 'http://eventful.com/sudbury/events/soo-greyhounds-sudbury-wolves-/E0-001-097547302-0?utm_source=apiseutm_medium=apimeutm_campaign=apic', INTERVAL '48:00' HOUR TO MINUTE, NULL, 102);

INSERT INTO evenement
(noEvenement, titre, description, siteWeb, duree, imageAffiche, noCategorie)
VALUES
(98, 'North Bay Battalion at Sudbury Wolves', NULL, 'http://eventful.com/sudbury/events/north-bay-battalion-sudbury-wolves-/E0-001-097547303-9?utm_source=apiseutm_medium=apimeutm_campaign=apic', INTERVAL '03:00' HOUR TO MINUTE, NULL, 102);

INSERT INTO evenement
(noEvenement, titre, description, siteWeb, duree, imageAffiche, noCategorie)
VALUES
(99, 'Peterborough Petes at Sudbury Wolves', NULL, 'http://eventful.com/sudbury/events/peterborough-petes-sudbury-wolves-/E0-001-097547299-7?utm_source=apiseutm_medium=apimeutm_campaign=apic', INTERVAL '06:00' HOUR TO MINUTE, NULL, 102);

INSERT INTO evenement
(noEvenement, titre, description, siteWeb, duree, imageAffiche, noCategorie)
VALUES
(100, 'Sarnia Sting at Sudbury Wolves', NULL, 'http://eventful.com/sudbury/events/sarnia-sting-sudbury-wolves-/E0-001-097547300-2?utm_source=apiseutm_medium=apimeutm_campaign=apic', INTERVAL '10:00' HOUR TO MINUTE, NULL, 102);

INSERT INTO adresse
(noAdresse, noCivique, rue, codePostal, ville, province)
VALUES
(101, '101', 'Queen Street North', 'V1R4N2', 'Kitchener', 'ON');
INSERT INTO emplacement
(noEmplacement, nom, siteWeb, capacite, NoAdresse, numTel, courriel)
VALUES
(0, 'Centre In The Square', 'http://eventful.com/kitchener/venues/centre-in-the-square-/V0-001-000362072-5?utm_source=apiseutm_medium=apimeutm_campaign=apic', 2000, 101, '1 (296) 295-3794', 'steven94@hotmail.com');

INSERT INTO adresse
(noAdresse, noCivique, rue, codePostal, ville, province)
VALUES
(102, '690', 'Burrard St', 'B8M7E9', 'Vancouver', 'BC');
INSERT INTO emplacement
(noEmplacement, nom, siteWeb, capacite, NoAdresse, numTel, courriel)
VALUES
(1, 'Christ Church Cathedral', 'http://vancouver.eventful.com/venues/christ-church-cathedral-/V0-001-000696743-2?utm_source=apiseutm_medium=apimeutm_campaign=apic', 200, 102, '(783) 186-2190 x656', 'mary74@hotmail.com');

INSERT INTO adresse
(noAdresse, noCivique, rue, codePostal, ville, province)
VALUES
(103, '59', 'Sainte-Catherine Street East', 'H2X 1K5', 'Montreal', 'QC');
INSERT INTO emplacement
(noEmplacement, nom, siteWeb, capacite, NoAdresse, numTel, courriel)
VALUES
(2, 'Metropolis', 'http://montreal.eventful.com/venues/metropolis-/V0-001-000157019-8?utm_source=apiseutm_medium=apimeutm_campaign=apic', 200, 103, '482-918-1085 x520', 'becky56@hotmail.com');

INSERT INTO adresse
(noAdresse, noCivique, rue, codePostal, ville, province)
VALUES
(104, '10030', '102 Street', 'S1P1S6', 'Edmonton', 'AB');
INSERT INTO emplacement
(noEmplacement, nom, siteWeb, capacite, NoAdresse, numTel, courriel)
VALUES
(3, 'The Starlite Room', 'http://edmonton.eventful.com/venues/the-starlite-room-/V0-001-000548011-2?utm_source=apiseutm_medium=apimeutm_campaign=apic', 5000, 104, '167.067.5821', 'nbailey@gmail.com');

INSERT INTO adresse
(noAdresse, noCivique, rue, codePostal, ville, province)
VALUES
(105, '269', 'Queen Street E', 'R1M2M4', 'Sault Sainte Marie', 'ON');
INSERT INTO emplacement
(noEmplacement, nom, siteWeb, capacite, NoAdresse, numTel, courriel)
VALUES
(4, 'Essar Centre', 'http://eventful.com/venues/essar-centre-/V0-001-000302495-8?utm_source=apiseutm_medium=apimeutm_campaign=apic', 50, 105, '398.670.0836', 'jason04@hotmail.com');

INSERT INTO adresse
(noAdresse, noCivique, rue, codePostal, ville, province)
VALUES
(106, '53', 'Elgin Street at Confederation Square', 'K1P 5W1', 'Ottawa', 'ON');
INSERT INTO emplacement
(noEmplacement, nom, siteWeb, capacite, NoAdresse, numTel, courriel)
VALUES
(5, 'National Arts Centre', 'http://ottawa.eventful.com/venues/national-arts-centre-/V0-001-001264452-3?utm_source=apiseutm_medium=apimeutm_campaign=apic', 300, 106, '(591) 274-3158 x023', 'thomasmyers@yahoo.com');

INSERT INTO adresse
(noAdresse, noCivique, rue, codePostal, ville, province)
VALUES
(107, '240', 'Elgin St P3E 3N6', 'P1P3N5', 'Sudbury', 'ON');
INSERT INTO emplacement
(noEmplacement, nom, siteWeb, capacite, NoAdresse, numTel, courriel)
VALUES
(6, 'Sudbury Arena', 'http://eventful.com/sudbury/venues/sudbury-arena-/V0-001-001454281-2?utm_source=apiseutm_medium=apimeutm_campaign=apic', 2000, 107, '1-825-349-7842', 'theresa80@yahoo.com');

INSERT INTO adresse
(noAdresse, noCivique, rue, codePostal, ville, province)
VALUES
(108, 'Grey', 'Eagle Dr', 'T3E 3X7', 'Calgary', 'AB');
INSERT INTO emplacement
(noEmplacement, nom, siteWeb, capacite, NoAdresse, numTel, courriel)
VALUES
(7, 'Grey Eagle Resort e Casino', 'http://calgary.eventful.com/venues/grey-eagle-resort-casino-/V0-001-008001231-6?utm_source=apiseutm_medium=apimeutm_campaign=apic', 15000, 108, '(797) 520-9708', 'bunderwood@gmail.com');

INSERT INTO adresse
(noAdresse, noCivique, rue, codePostal, ville, province)
VALUES
(109, '470', 'Robert Tunnel', 'S8N1L5', 'South Steven', 'NV');
INSERT INTO emplacement
(noEmplacement, nom, siteWeb, capacite, NoAdresse, numTel, courriel)
VALUES
(8, 'TRINITY-ST. PAUL''S CENTRE', 'http://eventful.com/venues/trinityst-pauls-centre-/V0-001-001372653-2?utm_source=apiseutm_medium=apimeutm_campaign=apic', 100, 109, '126 139 0047', 'carla96@hotmail.com');

INSERT INTO adresse
(noAdresse, noCivique, rue, codePostal, ville, province)
VALUES
(110, '241', '2nd Avenue South', 'S7K 1K8', 'Saskatoon', 'SK');
INSERT INTO emplacement
(noEmplacement, nom, siteWeb, capacite, NoAdresse, numTel, courriel)
VALUES
(9, 'Odeon Events Centre', 'http://eventful.com/saskatoon/venues/odeon-events-centre-/V0-001-000393084-4?utm_source=apiseutm_medium=apimeutm_campaign=apic', 200, 110, '423.595.5017', 'davidsteele@yahoo.com');

INSERT INTO adresse
(noAdresse, noCivique, rue, codePostal, ville, province)
VALUES
(111, '1002', '- 4th Avenue South', 'T1J 0P6', 'Lethbridge', 'AB');
INSERT INTO emplacement
(noEmplacement, nom, siteWeb, capacite, NoAdresse, numTel, courriel)
VALUES
(10, 'Yates Theatre', 'http://eventful.com/venues/yates-theatre-/V0-001-000924445-7?utm_source=apiseutm_medium=apimeutm_campaign=apic', 1000, 111, '1 (684) 127-9910', 'steelevictoria@hotmail.com');

INSERT INTO adresse
(noAdresse, noCivique, rue, codePostal, ville, province)
VALUES
(112, '2510', 'Scenic Drive South', 'L9K7R7', 'Lethbridge', 'AB');
INSERT INTO emplacement
(noEmplacement, nom, siteWeb, capacite, NoAdresse, numTel, courriel)
VALUES
(11, 'Enmax Centre', 'http://eventful.com/venues/enmax-centre-/V0-001-000366859-4?utm_source=apiseutm_medium=apimeutm_campaign=apic', 300, 112, '(863) 513-6420 x893', 'bondrhonda@gmail.com');

INSERT INTO adresse
(noAdresse, noCivique, rue, codePostal, ville, province)
VALUES
(113, '101', 'Centrepointe Drive', 'K2G 0B5', 'Nepean', 'ON');
INSERT INTO emplacement
(noEmplacement, nom, siteWeb, capacite, NoAdresse, numTel, courriel)
VALUES
(12, 'Centrepointe Theatre', 'http://ottawa.eventful.com/venues/centrepointe-theatre-/V0-001-001277296-9?utm_source=apiseutm_medium=apimeutm_campaign=apic', 300, 113, '202.725.8713', 'michelle97@gmail.com');

INSERT INTO adresse
(noAdresse, noCivique, rue, codePostal, ville, province)
VALUES
(114, '2802', 'Box Springs Way NW', 'T1A 0H3', 'Medicine Hat', 'AB');
INSERT INTO emplacement
(noEmplacement, nom, siteWeb, capacite, NoAdresse, numTel, courriel)
VALUES
(13, 'Canalta Centre', 'http://eventful.com/venues/canalta-centre-/V0-001-008838668-8?utm_source=apiseutm_medium=apimeutm_campaign=apic', 100, 114, '934 939 1315', 'erodriguez@hotmail.com');

INSERT INTO adresse
(noAdresse, noCivique, rue, codePostal, ville, province)
VALUES
(115, '300', 'King St West', 'M5V1J2', 'Toronto', 'ON');
INSERT INTO emplacement
(noEmplacement, nom, siteWeb, capacite, NoAdresse, numTel, courriel)
VALUES
(14, 'Princess of Wales Theatre', 'http://toronto.eventful.com/venues/princess-of-wales-theatre-/V0-001-000567570-1?utm_source=apiseutm_medium=apimeutm_campaign=apic', 10000, 115, '689-267-0901', 'robertsmith@hotmail.com');

INSERT INTO adresse
(noAdresse, noCivique, rue, codePostal, ville, province)
VALUES
(116, '11500', '- 35 Street SE', 'B4G6G2', 'Calgary', 'AB');
INSERT INTO emplacement
(noEmplacement, nom, siteWeb, capacite, NoAdresse, numTel, courriel)
VALUES
(15, 'Deerfoot Inn e Casino', 'http://calgary.eventful.com/venues/deerfoot-inn-casino-/V0-001-000510522-0?utm_source=apiseutm_medium=apimeutm_campaign=apic', 2000, 116, '1-800-238-8327', 'brandon53@hotmail.com');

INSERT INTO adresse
(noAdresse, noCivique, rue, codePostal, ville, province)
VALUES
(117, '106', 'Shell River Avenue South', 'R3J9P8', 'Russell', 'MB');
INSERT INTO emplacement
(noEmplacement, nom, siteWeb, capacite, NoAdresse, numTel, courriel)
VALUES
(16, 'George P Buleziuk Centre', 'http://eventful.com/venues/george-p-buleziuk-centre-/V0-001-010679066-0?utm_source=apiseutm_medium=apimeutm_campaign=apic', 1000, 117, '514-891-8861 x234', 'johnscott@hotmail.com');

INSERT INTO adresse
(noAdresse, noCivique, rue, codePostal, ville, province)
VALUES
(118, '736', 'Bathurst St', 'M5S 1Z5', 'Toronto', 'ON');
INSERT INTO emplacement
(noEmplacement, nom, siteWeb, capacite, NoAdresse, numTel, courriel)
VALUES
(17, 'Randolph Theatre (formerly known as the Bathurst S', 'http://toronto.eventful.com/venues/randolph-theatre-formerly-known-as-the-bathurs-/V0-001-001257397-9?utm_source=apiseutm_medium=apimeutm_campaign=apic', 300, 118, '928.674.3615', 'ihughes@gmail.com');

INSERT INTO occurence
(noOccurence, dateEtHeure, prix, noEvenement, noEmplacement)
VALUES
(0, to_date('2018-03-17:01:04:26', 'yyyy-mm-dd hh24:mi:ss'), 48.05, 1, 0);

INSERT INTO occurence
(noOccurence, dateEtHeure, prix, noEvenement, noEmplacement)
VALUES
(1, to_date('2017-09-15:16:45:01', 'yyyy-mm-dd hh24:mi:ss'), 37.64, 1, 0);

INSERT INTO occurence
(noOccurence, dateEtHeure, prix, noEvenement, noEmplacement)
VALUES
(2, to_date('2019-06-01:04:17:35', 'yyyy-mm-dd hh24:mi:ss'), 7.25, 1, 0);

INSERT INTO occurence
(noOccurence, dateEtHeure, prix, noEvenement, noEmplacement)
VALUES
(3, to_date('2020-03-30:13:39:59', 'yyyy-mm-dd hh24:mi:ss'), 12.01, 2, 1);

INSERT INTO occurence
(noOccurence, dateEtHeure, prix, noEvenement, noEmplacement)
VALUES
(4, to_date('2019-06-16:15:30:00', 'yyyy-mm-dd hh24:mi:ss'), 12.88, 3, 2);

INSERT INTO occurence
(noOccurence, dateEtHeure, prix, noEvenement, noEmplacement)
VALUES
(5, to_date('2019-06-29:02:44:59', 'yyyy-mm-dd hh24:mi:ss'), 59.08, 4, 3);

INSERT INTO occurence
(noOccurence, dateEtHeure, prix, noEvenement, noEmplacement)
VALUES
(6, to_date('2016-03-01:10:12:51', 'yyyy-mm-dd hh24:mi:ss'), 25.58, 4, 3);

INSERT INTO occurence
(noOccurence, dateEtHeure, prix, noEvenement, noEmplacement)
VALUES
(7, to_date('2018-01-15:04:37:09', 'yyyy-mm-dd hh24:mi:ss'), 43.79, 5, 4);

INSERT INTO occurence
(noOccurence, dateEtHeure, prix, noEvenement, noEmplacement)
VALUES
(8, to_date('2020-12-09:13:04:14', 'yyyy-mm-dd hh24:mi:ss'), 60.85, 5, 0);

INSERT INTO occurence
(noOccurence, dateEtHeure, prix, noEvenement, noEmplacement)
VALUES
(9, to_date('2018-04-21:11:34:37', 'yyyy-mm-dd hh24:mi:ss'), 30.94, 6, 5);

INSERT INTO occurence
(noOccurence, dateEtHeure, prix, noEvenement, noEmplacement)
VALUES
(10, to_date('2016-08-20:14:22:37', 'yyyy-mm-dd hh24:mi:ss'), 64.17, 6, 5);

INSERT INTO occurence
(noOccurence, dateEtHeure, prix, noEvenement, noEmplacement)
VALUES
(11, to_date('2019-09-25:06:52:47', 'yyyy-mm-dd hh24:mi:ss'), 36.01, 6, 5);

INSERT INTO occurence
(noOccurence, dateEtHeure, prix, noEvenement, noEmplacement)
VALUES
(12, to_date('2019-10-31:13:56:55', 'yyyy-mm-dd hh24:mi:ss'), 14.29, 7, 6);

INSERT INTO occurence
(noOccurence, dateEtHeure, prix, noEvenement, noEmplacement)
VALUES
(13, to_date('2017-08-15:05:37:00', 'yyyy-mm-dd hh24:mi:ss'), 44.94, 7, 6);

INSERT INTO occurence
(noOccurence, dateEtHeure, prix, noEvenement, noEmplacement)
VALUES
(14, to_date('2019-05-16:08:35:11', 'yyyy-mm-dd hh24:mi:ss'), 13.26, 7, 0);

INSERT INTO occurence
(noOccurence, dateEtHeure, prix, noEvenement, noEmplacement)
VALUES
(15, to_date('2020-08-03:03:59:05', 'yyyy-mm-dd hh24:mi:ss'), 66.19, 8, 7);

INSERT INTO occurence
(noOccurence, dateEtHeure, prix, noEvenement, noEmplacement)
VALUES
(16, to_date('2018-11-14:18:08:08', 'yyyy-mm-dd hh24:mi:ss'), 22.41, 9, 8);

INSERT INTO occurence
(noOccurence, dateEtHeure, prix, noEvenement, noEmplacement)
VALUES
(17, to_date('2020-03-21:08:37:55', 'yyyy-mm-dd hh24:mi:ss'), 51.63, 10, 9);

INSERT INTO occurence
(noOccurence, dateEtHeure, prix, noEvenement, noEmplacement)
VALUES
(18, to_date('2016-12-05:07:37:31', 'yyyy-mm-dd hh24:mi:ss'), 8.17, 10, 8);

INSERT INTO occurence
(noOccurence, dateEtHeure, prix, noEvenement, noEmplacement)
VALUES
(19, to_date('2020-07-31:21:36:05', 'yyyy-mm-dd hh24:mi:ss'), 38.85, 10, 8);

INSERT INTO occurence
(noOccurence, dateEtHeure, prix, noEvenement, noEmplacement)
VALUES
(20, to_date('2016-09-30:05:35:09', 'yyyy-mm-dd hh24:mi:ss'), 37.87, 10, 8);

INSERT INTO occurence
(noOccurence, dateEtHeure, prix, noEvenement, noEmplacement)
VALUES
(21, to_date('2016-05-11:07:37:10', 'yyyy-mm-dd hh24:mi:ss'), 51.43, 10, 8);

INSERT INTO occurence
(noOccurence, dateEtHeure, prix, noEvenement, noEmplacement)
VALUES
(22, to_date('2017-08-02:15:00:06', 'yyyy-mm-dd hh24:mi:ss'), 21.08, 10, 8);

INSERT INTO occurence
(noOccurence, dateEtHeure, prix, noEvenement, noEmplacement)
VALUES
(23, to_date('2019-08-09:21:58:45', 'yyyy-mm-dd hh24:mi:ss'), 66.14, 10, 8);

INSERT INTO occurence
(noOccurence, dateEtHeure, prix, noEvenement, noEmplacement)
VALUES
(24, to_date('2019-06-13:04:59:07', 'yyyy-mm-dd hh24:mi:ss'), 57.85, 10, 8);

INSERT INTO occurence
(noOccurence, dateEtHeure, prix, noEvenement, noEmplacement)
VALUES
(25, to_date('2018-08-27:05:41:58', 'yyyy-mm-dd hh24:mi:ss'), 26.41, 11, 10);

INSERT INTO occurence
(noOccurence, dateEtHeure, prix, noEvenement, noEmplacement)
VALUES
(26, to_date('2017-03-31:09:40:39', 'yyyy-mm-dd hh24:mi:ss'), 42.47, 12, 11);

INSERT INTO occurence
(noOccurence, dateEtHeure, prix, noEvenement, noEmplacement)
VALUES
(27, to_date('2017-05-27:01:05:42', 'yyyy-mm-dd hh24:mi:ss'), 62.70, 12, 11);

INSERT INTO occurence
(noOccurence, dateEtHeure, prix, noEvenement, noEmplacement)
VALUES
(28, to_date('2019-03-18:19:57:13', 'yyyy-mm-dd hh24:mi:ss'), 25.34, 13, 12);

INSERT INTO occurence
(noOccurence, dateEtHeure, prix, noEvenement, noEmplacement)
VALUES
(29, to_date('2016-09-14:18:33:53', 'yyyy-mm-dd hh24:mi:ss'), 17.76, 13, 0);

INSERT INTO occurence
(noOccurence, dateEtHeure, prix, noEvenement, noEmplacement)
VALUES
(30, to_date('2018-05-18:06:52:29', 'yyyy-mm-dd hh24:mi:ss'), 12.30, 13, 0);

INSERT INTO occurence
(noOccurence, dateEtHeure, prix, noEvenement, noEmplacement)
VALUES
(31, to_date('2017-01-09:20:42:40', 'yyyy-mm-dd hh24:mi:ss'), 6.54, 13, 0);

INSERT INTO occurence
(noOccurence, dateEtHeure, prix, noEvenement, noEmplacement)
VALUES
(32, to_date('2016-03-14:04:58:06', 'yyyy-mm-dd hh24:mi:ss'), 6.03, 13, 0);

INSERT INTO occurence
(noOccurence, dateEtHeure, prix, noEvenement, noEmplacement)
VALUES
(33, to_date('2018-09-05:15:48:44', 'yyyy-mm-dd hh24:mi:ss'), 26.94, 14, 13);

INSERT INTO occurence
(noOccurence, dateEtHeure, prix, noEvenement, noEmplacement)
VALUES
(34, to_date('2019-09-15:11:00:16', 'yyyy-mm-dd hh24:mi:ss'), 14.15, 14, 8);

INSERT INTO occurence
(noOccurence, dateEtHeure, prix, noEvenement, noEmplacement)
VALUES
(35, to_date('2020-11-17:11:01:53', 'yyyy-mm-dd hh24:mi:ss'), 14.17, 14, 8);

INSERT INTO occurence
(noOccurence, dateEtHeure, prix, noEvenement, noEmplacement)
VALUES
(36, to_date('2016-08-26:11:46:13', 'yyyy-mm-dd hh24:mi:ss'), 17.81, 14, 8);

INSERT INTO occurence
(noOccurence, dateEtHeure, prix, noEvenement, noEmplacement)
VALUES
(37, to_date('2018-06-16:00:34:52', 'yyyy-mm-dd hh24:mi:ss'), 12.97, 14, 8);

INSERT INTO occurence
(noOccurence, dateEtHeure, prix, noEvenement, noEmplacement)
VALUES
(38, to_date('2017-03-05:09:25:52', 'yyyy-mm-dd hh24:mi:ss'), 34.15, 14, 8);

INSERT INTO occurence
(noOccurence, dateEtHeure, prix, noEvenement, noEmplacement)
VALUES
(39, to_date('2016-07-21:04:51:09', 'yyyy-mm-dd hh24:mi:ss'), 20.86, 14, 8);

INSERT INTO occurence
(noOccurence, dateEtHeure, prix, noEvenement, noEmplacement)
VALUES
(40, to_date('2019-08-25:16:55:35', 'yyyy-mm-dd hh24:mi:ss'), 50.50, 14, 8);

INSERT INTO occurence
(noOccurence, dateEtHeure, prix, noEvenement, noEmplacement)
VALUES
(41, to_date('2020-11-26:16:45:18', 'yyyy-mm-dd hh24:mi:ss'), 19.30, 14, 8);

INSERT INTO occurence
(noOccurence, dateEtHeure, prix, noEvenement, noEmplacement)
VALUES
(42, to_date('2020-07-11:02:12:36', 'yyyy-mm-dd hh24:mi:ss'), 38.46, 14, 8);

INSERT INTO occurence
(noOccurence, dateEtHeure, prix, noEvenement, noEmplacement)
VALUES
(43, to_date('2016-05-15:12:29:31', 'yyyy-mm-dd hh24:mi:ss'), 23.71, 14, 8);

INSERT INTO occurence
(noOccurence, dateEtHeure, prix, noEvenement, noEmplacement)
VALUES
(44, to_date('2019-08-27:00:25:50', 'yyyy-mm-dd hh24:mi:ss'), 41.47, 14, 8);

INSERT INTO occurence
(noOccurence, dateEtHeure, prix, noEvenement, noEmplacement)
VALUES
(45, to_date('2020-01-30:17:29:29', 'yyyy-mm-dd hh24:mi:ss'), 54.67, 14, 8);

INSERT INTO occurence
(noOccurence, dateEtHeure, prix, noEvenement, noEmplacement)
VALUES
(46, to_date('2018-12-06:00:42:59', 'yyyy-mm-dd hh24:mi:ss'), 27.28, 14, 8);

INSERT INTO occurence
(noOccurence, dateEtHeure, prix, noEvenement, noEmplacement)
VALUES
(47, to_date('2017-10-08:20:09:27', 'yyyy-mm-dd hh24:mi:ss'), 16.17, 14, 8);

INSERT INTO occurence
(noOccurence, dateEtHeure, prix, noEvenement, noEmplacement)
VALUES
(48, to_date('2017-06-02:16:45:48', 'yyyy-mm-dd hh24:mi:ss'), 53.40, 14, 8);

INSERT INTO occurence
(noOccurence, dateEtHeure, prix, noEvenement, noEmplacement)
VALUES
(49, to_date('2019-03-08:19:56:28', 'yyyy-mm-dd hh24:mi:ss'), 22.53, 14, 8);

INSERT INTO occurence
(noOccurence, dateEtHeure, prix, noEvenement, noEmplacement)
VALUES
(50, to_date('2019-02-17:00:32:58', 'yyyy-mm-dd hh24:mi:ss'), 56.51, 14, 8);

INSERT INTO occurence
(noOccurence, dateEtHeure, prix, noEvenement, noEmplacement)
VALUES
(51, to_date('2020-08-03:10:44:01', 'yyyy-mm-dd hh24:mi:ss'), 37.12, 14, 11);

INSERT INTO occurence
(noOccurence, dateEtHeure, prix, noEvenement, noEmplacement)
VALUES
(52, to_date('2017-05-20:22:00:09', 'yyyy-mm-dd hh24:mi:ss'), 6.36, 14, 11);

INSERT INTO occurence
(noOccurence, dateEtHeure, prix, noEvenement, noEmplacement)
VALUES
(53, to_date('2019-05-14:23:04:23', 'yyyy-mm-dd hh24:mi:ss'), 32.50, 15, 14);

INSERT INTO occurence
(noOccurence, dateEtHeure, prix, noEvenement, noEmplacement)
VALUES
(54, to_date('2016-11-09:00:14:14', 'yyyy-mm-dd hh24:mi:ss'), 8.32, 15, 11);

INSERT INTO occurence
(noOccurence, dateEtHeure, prix, noEvenement, noEmplacement)
VALUES
(55, to_date('2017-04-01:03:22:26', 'yyyy-mm-dd hh24:mi:ss'), 42.53, 15, 6);

INSERT INTO occurence
(noOccurence, dateEtHeure, prix, noEvenement, noEmplacement)
VALUES
(56, to_date('2016-03-01:06:05:53', 'yyyy-mm-dd hh24:mi:ss'), 18.73, 15, 6);

INSERT INTO occurence
(noOccurence, dateEtHeure, prix, noEvenement, noEmplacement)
VALUES
(57, to_date('2016-01-06:17:10:13', 'yyyy-mm-dd hh24:mi:ss'), 32.17, 15, 6);

INSERT INTO occurence
(noOccurence, dateEtHeure, prix, noEvenement, noEmplacement)
VALUES
(58, to_date('2020-09-24:04:50:03', 'yyyy-mm-dd hh24:mi:ss'), 41.03, 16, 15);

INSERT INTO occurence
(noOccurence, dateEtHeure, prix, noEvenement, noEmplacement)
VALUES
(59, to_date('2019-03-29:08:13:13', 'yyyy-mm-dd hh24:mi:ss'), 45.54, 16, 6);

INSERT INTO occurence
(noOccurence, dateEtHeure, prix, noEvenement, noEmplacement)
VALUES
(60, to_date('2018-04-11:22:30:18', 'yyyy-mm-dd hh24:mi:ss'), 27.66, 16, 6);

INSERT INTO occurence
(noOccurence, dateEtHeure, prix, noEvenement, noEmplacement)
VALUES
(61, to_date('2018-05-14:15:11:28', 'yyyy-mm-dd hh24:mi:ss'), 10.35, 16, 6);

INSERT INTO occurence
(noOccurence, dateEtHeure, prix, noEvenement, noEmplacement)
VALUES
(62, to_date('2020-03-18:15:06:13', 'yyyy-mm-dd hh24:mi:ss'), 26.55, 16, 11);

INSERT INTO occurence
(noOccurence, dateEtHeure, prix, noEvenement, noEmplacement)
VALUES
(63, to_date('2019-02-19:04:48:50', 'yyyy-mm-dd hh24:mi:ss'), 53.45, 16, 11);

INSERT INTO occurence
(noOccurence, dateEtHeure, prix, noEvenement, noEmplacement)
VALUES
(64, to_date('2017-08-30:05:02:18', 'yyyy-mm-dd hh24:mi:ss'), 47.34, 16, 6);

INSERT INTO occurence
(noOccurence, dateEtHeure, prix, noEvenement, noEmplacement)
VALUES
(65, to_date('2018-03-13:23:01:17', 'yyyy-mm-dd hh24:mi:ss'), 10.43, 16, 11);

INSERT INTO occurence
(noOccurence, dateEtHeure, prix, noEvenement, noEmplacement)
VALUES
(66, to_date('2020-06-07:19:37:25', 'yyyy-mm-dd hh24:mi:ss'), 6.87, 16, 11);

INSERT INTO occurence
(noOccurence, dateEtHeure, prix, noEvenement, noEmplacement)
VALUES
(67, to_date('2016-02-17:19:38:06', 'yyyy-mm-dd hh24:mi:ss'), 44.10, 16, 6);

INSERT INTO occurence
(noOccurence, dateEtHeure, prix, noEvenement, noEmplacement)
VALUES
(68, to_date('2018-01-30:00:53:23', 'yyyy-mm-dd hh24:mi:ss'), 28.97, 16, 11);

INSERT INTO occurence
(noOccurence, dateEtHeure, prix, noEvenement, noEmplacement)
VALUES
(69, to_date('2016-05-23:13:33:52', 'yyyy-mm-dd hh24:mi:ss'), 12.71, 16, 6);

INSERT INTO occurence
(noOccurence, dateEtHeure, prix, noEvenement, noEmplacement)
VALUES
(70, to_date('2017-01-03:05:08:32', 'yyyy-mm-dd hh24:mi:ss'), 22.81, 16, 6);

INSERT INTO occurence
(noOccurence, dateEtHeure, prix, noEvenement, noEmplacement)
VALUES
(71, to_date('2019-10-27:02:37:17', 'yyyy-mm-dd hh24:mi:ss'), 32.03, 16, 6);

INSERT INTO occurence
(noOccurence, dateEtHeure, prix, noEvenement, noEmplacement)
VALUES
(72, to_date('2016-04-16:13:56:13', 'yyyy-mm-dd hh24:mi:ss'), 38.94, 16, 6);

INSERT INTO occurence
(noOccurence, dateEtHeure, prix, noEvenement, noEmplacement)
VALUES
(73, to_date('2016-11-28:12:02:14', 'yyyy-mm-dd hh24:mi:ss'), 69.37, 16, 6);

INSERT INTO occurence
(noOccurence, dateEtHeure, prix, noEvenement, noEmplacement)
VALUES
(74, to_date('2018-08-11:23:07:29', 'yyyy-mm-dd hh24:mi:ss'), 28.98, 17, 16);

INSERT INTO occurence
(noOccurence, dateEtHeure, prix, noEvenement, noEmplacement)
VALUES
(75, to_date('2020-07-28:07:19:25', 'yyyy-mm-dd hh24:mi:ss'), 67.50, 17, 11);

INSERT INTO occurence
(noOccurence, dateEtHeure, prix, noEvenement, noEmplacement)
VALUES
(76, to_date('2016-07-12:04:04:53', 'yyyy-mm-dd hh24:mi:ss'), 38.07, 17, 6);

INSERT INTO occurence
(noOccurence, dateEtHeure, prix, noEvenement, noEmplacement)
VALUES
(77, to_date('2018-05-01:21:34:24', 'yyyy-mm-dd hh24:mi:ss'), 35.41, 17, 11);

INSERT INTO occurence
(noOccurence, dateEtHeure, prix, noEvenement, noEmplacement)
VALUES
(78, to_date('2020-12-12:23:06:21', 'yyyy-mm-dd hh24:mi:ss'), 46.87, 17, 11);

INSERT INTO occurence
(noOccurence, dateEtHeure, prix, noEvenement, noEmplacement)
VALUES
(79, to_date('2016-12-27:01:00:55', 'yyyy-mm-dd hh24:mi:ss'), 62.00, 17, 6);

INSERT INTO occurence
(noOccurence, dateEtHeure, prix, noEvenement, noEmplacement)
VALUES
(80, to_date('2017-09-12:21:33:05', 'yyyy-mm-dd hh24:mi:ss'), 46.81, 17, 6);

INSERT INTO occurence
(noOccurence, dateEtHeure, prix, noEvenement, noEmplacement)
VALUES
(81, to_date('2018-11-24:16:56:39', 'yyyy-mm-dd hh24:mi:ss'), 27.02, 17, 11);

INSERT INTO occurence
(noOccurence, dateEtHeure, prix, noEvenement, noEmplacement)
VALUES
(82, to_date('2017-02-09:01:38:47', 'yyyy-mm-dd hh24:mi:ss'), 65.85, 17, 6);

INSERT INTO occurence
(noOccurence, dateEtHeure, prix, noEvenement, noEmplacement)
VALUES
(83, to_date('2017-08-23:13:08:01', 'yyyy-mm-dd hh24:mi:ss'), 18.00, 18, 17);

INSERT INTO occurence
(noOccurence, dateEtHeure, prix, noEvenement, noEmplacement)
VALUES
(84, to_date('2019-04-18:18:02:36', 'yyyy-mm-dd hh24:mi:ss'), 36.83, 18, 6);

INSERT INTO occurence
(noOccurence, dateEtHeure, prix, noEvenement, noEmplacement)
VALUES
(85, to_date('2020-04-08:04:15:18', 'yyyy-mm-dd hh24:mi:ss'), 65.34, 18, 6);

INSERT INTO occurence
(noOccurence, dateEtHeure, prix, noEvenement, noEmplacement)
VALUES
(86, to_date('2016-06-03:16:42:11', 'yyyy-mm-dd hh24:mi:ss'), 42.40, 18, 6);

INSERT INTO occurence
(noOccurence, dateEtHeure, prix, noEvenement, noEmplacement)
VALUES
(87, to_date('2017-11-05:01:01:32', 'yyyy-mm-dd hh24:mi:ss'), 40.83, 18, 6);

INSERT INTO occurence
(noOccurence, dateEtHeure, prix, noEvenement, noEmplacement)
VALUES
(88, to_date('2017-05-29:20:55:04', 'yyyy-mm-dd hh24:mi:ss'), 41.89, 18, 6);

INSERT INTO occurence
(noOccurence, dateEtHeure, prix, noEvenement, noEmplacement)
VALUES
(89, to_date('2017-09-04:04:38:32', 'yyyy-mm-dd hh24:mi:ss'), 36.52, 18, 6);

INSERT INTO occurence
(noOccurence, dateEtHeure, prix, noEvenement, noEmplacement)
VALUES
(90, to_date('2016-08-07:20:26:48', 'yyyy-mm-dd hh24:mi:ss'), 58.04, 18, 6);

INSERT INTO occurence
(noOccurence, dateEtHeure, prix, noEvenement, noEmplacement)
VALUES
(91, to_date('2019-11-26:23:59:01', 'yyyy-mm-dd hh24:mi:ss'), 37.00, 18, 6);

INSERT INTO occurence
(noOccurence, dateEtHeure, prix, noEvenement, noEmplacement)
VALUES
(92, to_date('2016-10-15:23:46:54', 'yyyy-mm-dd hh24:mi:ss'), 54.74, 18, 6);

INSERT INTO occurence
(noOccurence, dateEtHeure, prix, noEvenement, noEmplacement)
VALUES
(93, to_date('2019-08-11:05:35:50', 'yyyy-mm-dd hh24:mi:ss'), 25.60, 18, 6);

INSERT INTO occurence
(noOccurence, dateEtHeure, prix, noEvenement, noEmplacement)
VALUES
(94, to_date('2017-01-21:00:11:38', 'yyyy-mm-dd hh24:mi:ss'), 26.38, 18, 6);

INSERT INTO occurence
(noOccurence, dateEtHeure, prix, noEvenement, noEmplacement)
VALUES
(95, to_date('2018-06-04:01:19:28', 'yyyy-mm-dd hh24:mi:ss'), 71.25, 18, 6);

INSERT INTO occurence
(noOccurence, dateEtHeure, prix, noEvenement, noEmplacement)
VALUES
(96, to_date('2017-04-12:06:35:31', 'yyyy-mm-dd hh24:mi:ss'), 35.75, 18, 6);

INSERT INTO occurence
(noOccurence, dateEtHeure, prix, noEvenement, noEmplacement)
VALUES
(97, to_date('2020-08-12:04:43:31', 'yyyy-mm-dd hh24:mi:ss'), 34.38, 18, 6);

INSERT INTO occurence
(noOccurence, dateEtHeure, prix, noEvenement, noEmplacement)
VALUES
(98, to_date('2019-10-02:17:45:08', 'yyyy-mm-dd hh24:mi:ss'), 68.46, 18, 6);

INSERT INTO occurence
(noOccurence, dateEtHeure, prix, noEvenement, noEmplacement)
VALUES
(99, to_date('2020-03-14:12:30:03', 'yyyy-mm-dd hh24:mi:ss'), 8.74, 18, 6);

INSERT INTO occurence
(noOccurence, dateEtHeure, prix, noEvenement, noEmplacement)
VALUES
(100, to_date('2018-08-01:19:01:14', 'yyyy-mm-dd hh24:mi:ss'), 69.29, 18, 6);

INSERT INTO occurence
(noOccurence, dateEtHeure, prix, noEvenement, noEmplacement)
VALUES
(101, to_date('2020-08-18:23:25:22', 'yyyy-mm-dd hh24:mi:ss'), 25.75, 66, 5);

INSERT INTO occurence
(noOccurence, dateEtHeure, prix, noEvenement, noEmplacement)
VALUES
(102, to_date('2020-02-19:22:26:55', 'yyyy-mm-dd hh24:mi:ss'), 55.01, 88, 4);

INSERT INTO occurence
(noOccurence, dateEtHeure, prix, noEvenement, noEmplacement)
VALUES
(103, to_date('2019-07-28:01:25:31', 'yyyy-mm-dd hh24:mi:ss'), 24.95, 73, 15);

INSERT INTO occurence
(noOccurence, dateEtHeure, prix, noEvenement, noEmplacement)
VALUES
(104, to_date('2017-12-29:03:09:05', 'yyyy-mm-dd hh24:mi:ss'), 48.26, 7, 6);

INSERT INTO occurence
(noOccurence, dateEtHeure, prix, noEvenement, noEmplacement)
VALUES
(105, to_date('2018-10-01:12:47:26', 'yyyy-mm-dd hh24:mi:ss'), 19.92, 24, 9);

INSERT INTO occurence
(noOccurence, dateEtHeure, prix, noEvenement, noEmplacement)
VALUES
(106, to_date('2016-08-11:11:55:32', 'yyyy-mm-dd hh24:mi:ss'), 66.36, 71, 2);

INSERT INTO occurence
(noOccurence, dateEtHeure, prix, noEvenement, noEmplacement)
VALUES
(107, to_date('2018-02-21:11:54:10', 'yyyy-mm-dd hh24:mi:ss'), 66.46, 95, 8);

INSERT INTO occurence
(noOccurence, dateEtHeure, prix, noEvenement, noEmplacement)
VALUES
(108, to_date('2016-07-26:03:46:13', 'yyyy-mm-dd hh24:mi:ss'), 60.58, 5, 16);

INSERT INTO occurence
(noOccurence, dateEtHeure, prix, noEvenement, noEmplacement)
VALUES
(109, to_date('2020-02-28:14:34:08', 'yyyy-mm-dd hh24:mi:ss'), 70.54, 97, 17);

INSERT INTO occurence
(noOccurence, dateEtHeure, prix, noEvenement, noEmplacement)
VALUES
(110, to_date('2016-06-05:12:45:12', 'yyyy-mm-dd hh24:mi:ss'), 58.21, 71, 10);

INSERT INTO occurence
(noOccurence, dateEtHeure, prix, noEvenement, noEmplacement)
VALUES
(111, to_date('2016-04-18:21:05:57', 'yyyy-mm-dd hh24:mi:ss'), 56.09, 52, 1);

INSERT INTO occurence
(noOccurence, dateEtHeure, prix, noEvenement, noEmplacement)
VALUES
(112, to_date('2017-07-16:01:22:10', 'yyyy-mm-dd hh24:mi:ss'), 53.87, 78, 9);

INSERT INTO occurence
(noOccurence, dateEtHeure, prix, noEvenement, noEmplacement)
VALUES
(113, to_date('2018-10-29:14:53:03', 'yyyy-mm-dd hh24:mi:ss'), 59.28, 91, 6);

INSERT INTO occurence
(noOccurence, dateEtHeure, prix, noEvenement, noEmplacement)
VALUES
(114, to_date('2016-02-27:09:59:06', 'yyyy-mm-dd hh24:mi:ss'), 5.44, 96, 14);

INSERT INTO occurence
(noOccurence, dateEtHeure, prix, noEvenement, noEmplacement)
VALUES
(115, to_date('2019-11-24:21:32:13', 'yyyy-mm-dd hh24:mi:ss'), 26.39, 72, 12);

INSERT INTO occurence
(noOccurence, dateEtHeure, prix, noEvenement, noEmplacement)
VALUES
(116, to_date('2017-10-18:19:58:24', 'yyyy-mm-dd hh24:mi:ss'), 62.12, 49, 11);

INSERT INTO occurence
(noOccurence, dateEtHeure, prix, noEvenement, noEmplacement)
VALUES
(117, to_date('2017-05-22:20:54:49', 'yyyy-mm-dd hh24:mi:ss'), 48.95, 72, 2);

INSERT INTO occurence
(noOccurence, dateEtHeure, prix, noEvenement, noEmplacement)
VALUES
(118, to_date('2017-05-18:18:46:31', 'yyyy-mm-dd hh24:mi:ss'), 7.05, 69, 12);

INSERT INTO occurence
(noOccurence, dateEtHeure, prix, noEvenement, noEmplacement)
VALUES
(119, to_date('2019-03-10:04:40:48', 'yyyy-mm-dd hh24:mi:ss'), 70.74, 77, 15);

INSERT INTO occurence
(noOccurence, dateEtHeure, prix, noEvenement, noEmplacement)
VALUES
(120, to_date('2018-12-07:06:13:51', 'yyyy-mm-dd hh24:mi:ss'), 73.35, 13, 5);

INSERT INTO occurence
(noOccurence, dateEtHeure, prix, noEvenement, noEmplacement)
VALUES
(121, to_date('2016-06-10:03:27:06', 'yyyy-mm-dd hh24:mi:ss'), 68.50, 23, 4);

INSERT INTO occurence
(noOccurence, dateEtHeure, prix, noEvenement, noEmplacement)
VALUES
(122, to_date('2017-08-08:16:56:14', 'yyyy-mm-dd hh24:mi:ss'), 46.10, 32, 11);

INSERT INTO occurence
(noOccurence, dateEtHeure, prix, noEvenement, noEmplacement)
VALUES
(123, to_date('2016-03-23:10:12:09', 'yyyy-mm-dd hh24:mi:ss'), 54.46, 28, 5);

INSERT INTO occurence
(noOccurence, dateEtHeure, prix, noEvenement, noEmplacement)
VALUES
(124, to_date('2016-11-19:19:14:15', 'yyyy-mm-dd hh24:mi:ss'), 19.46, 6, 15);

INSERT INTO occurence
(noOccurence, dateEtHeure, prix, noEvenement, noEmplacement)
VALUES
(125, to_date('2018-11-22:13:57:39', 'yyyy-mm-dd hh24:mi:ss'), 67.83, 45, 2);

INSERT INTO occurence
(noOccurence, dateEtHeure, prix, noEvenement, noEmplacement)
VALUES
(126, to_date('2017-09-14:00:18:30', 'yyyy-mm-dd hh24:mi:ss'), 65.98, 77, 17);

INSERT INTO occurence
(noOccurence, dateEtHeure, prix, noEvenement, noEmplacement)
VALUES
(127, to_date('2018-09-12:05:47:38', 'yyyy-mm-dd hh24:mi:ss'), 23.30, 65, 10);

INSERT INTO occurence
(noOccurence, dateEtHeure, prix, noEvenement, noEmplacement)
VALUES
(128, to_date('2016-03-27:07:43:43', 'yyyy-mm-dd hh24:mi:ss'), 30.69, 29, 9);

INSERT INTO occurence
(noOccurence, dateEtHeure, prix, noEvenement, noEmplacement)
VALUES
(129, to_date('2019-10-13:18:18:27', 'yyyy-mm-dd hh24:mi:ss'), 46.41, 99, 7);

INSERT INTO occurence
(noOccurence, dateEtHeure, prix, noEvenement, noEmplacement)
VALUES
(130, to_date('2016-11-28:08:51:04', 'yyyy-mm-dd hh24:mi:ss'), 25.38, 25, 2);

INSERT INTO occurence
(noOccurence, dateEtHeure, prix, noEvenement, noEmplacement)
VALUES
(131, to_date('2016-10-07:19:52:53', 'yyyy-mm-dd hh24:mi:ss'), 25.59, 39, 7);

INSERT INTO occurence
(noOccurence, dateEtHeure, prix, noEvenement, noEmplacement)
VALUES
(132, to_date('2016-09-24:18:38:59', 'yyyy-mm-dd hh24:mi:ss'), 41.93, 41, 8);

INSERT INTO occurence
(noOccurence, dateEtHeure, prix, noEvenement, noEmplacement)
VALUES
(133, to_date('2018-05-27:23:11:40', 'yyyy-mm-dd hh24:mi:ss'), 55.61, 32, 13);

INSERT INTO occurence
(noOccurence, dateEtHeure, prix, noEvenement, noEmplacement)
VALUES
(134, to_date('2017-03-30:20:13:30', 'yyyy-mm-dd hh24:mi:ss'), 72.41, 90, 6);

INSERT INTO occurence
(noOccurence, dateEtHeure, prix, noEvenement, noEmplacement)
VALUES
(135, to_date('2020-02-16:01:14:08', 'yyyy-mm-dd hh24:mi:ss'), 45.67, 94, 1);

INSERT INTO occurence
(noOccurence, dateEtHeure, prix, noEvenement, noEmplacement)
VALUES
(136, to_date('2017-11-27:09:36:28', 'yyyy-mm-dd hh24:mi:ss'), 29.57, 30, 15);

INSERT INTO occurence
(noOccurence, dateEtHeure, prix, noEvenement, noEmplacement)
VALUES
(137, to_date('2016-09-15:22:34:48', 'yyyy-mm-dd hh24:mi:ss'), 71.81, 73, 1);

INSERT INTO occurence
(noOccurence, dateEtHeure, prix, noEvenement, noEmplacement)
VALUES
(138, to_date('2019-07-26:05:36:10', 'yyyy-mm-dd hh24:mi:ss'), 30.11, 82, 3);

INSERT INTO occurence
(noOccurence, dateEtHeure, prix, noEvenement, noEmplacement)
VALUES
(139, to_date('2019-10-20:12:36:10', 'yyyy-mm-dd hh24:mi:ss'), 5.91, 5, 2);

INSERT INTO occurence
(noOccurence, dateEtHeure, prix, noEvenement, noEmplacement)
VALUES
(140, to_date('2017-08-27:13:07:22', 'yyyy-mm-dd hh24:mi:ss'), 49.40, 30, 1);

INSERT INTO occurence
(noOccurence, dateEtHeure, prix, noEvenement, noEmplacement)
VALUES
(141, to_date('2019-09-24:17:32:44', 'yyyy-mm-dd hh24:mi:ss'), 40.22, 31, 3);

INSERT INTO occurence
(noOccurence, dateEtHeure, prix, noEvenement, noEmplacement)
VALUES
(142, to_date('2019-02-09:19:57:49', 'yyyy-mm-dd hh24:mi:ss'), 26.39, 61, 8);

INSERT INTO occurence
(noOccurence, dateEtHeure, prix, noEvenement, noEmplacement)
VALUES
(143, to_date('2016-03-23:03:54:26', 'yyyy-mm-dd hh24:mi:ss'), 12.80, 13, 7);

INSERT INTO occurence
(noOccurence, dateEtHeure, prix, noEvenement, noEmplacement)
VALUES
(144, to_date('2018-08-30:14:51:02', 'yyyy-mm-dd hh24:mi:ss'), 74.14, 61, 2);

INSERT INTO occurence
(noOccurence, dateEtHeure, prix, noEvenement, noEmplacement)
VALUES
(145, to_date('2017-10-10:21:01:41', 'yyyy-mm-dd hh24:mi:ss'), 12.36, 72, 6);

INSERT INTO occurence
(noOccurence, dateEtHeure, prix, noEvenement, noEmplacement)
VALUES
(146, to_date('2020-10-25:19:49:48', 'yyyy-mm-dd hh24:mi:ss'), 64.43, 20, 14);

INSERT INTO occurence
(noOccurence, dateEtHeure, prix, noEvenement, noEmplacement)
VALUES
(147, to_date('2020-05-20:22:05:39', 'yyyy-mm-dd hh24:mi:ss'), 22.22, 34, 7);

INSERT INTO occurence
(noOccurence, dateEtHeure, prix, noEvenement, noEmplacement)
VALUES
(148, to_date('2019-05-24:12:16:13', 'yyyy-mm-dd hh24:mi:ss'), 53.44, 78, 17);

INSERT INTO occurence
(noOccurence, dateEtHeure, prix, noEvenement, noEmplacement)
VALUES
(149, to_date('2016-11-14:02:30:44', 'yyyy-mm-dd hh24:mi:ss'), 59.45, 5, 11);

INSERT INTO occurence
(noOccurence, dateEtHeure, prix, noEvenement, noEmplacement)
VALUES
(150, to_date('2019-08-22:17:50:15', 'yyyy-mm-dd hh24:mi:ss'), 20.88, 37, 16);

INSERT INTO occurence
(noOccurence, dateEtHeure, prix, noEvenement, noEmplacement)
VALUES
(151, to_date('2019-06-28:09:01:15', 'yyyy-mm-dd hh24:mi:ss'), 67.36, 57, 7);

INSERT INTO occurence
(noOccurence, dateEtHeure, prix, noEvenement, noEmplacement)
VALUES
(152, to_date('2019-08-12:02:53:12', 'yyyy-mm-dd hh24:mi:ss'), 57.21, 45, 17);

INSERT INTO occurence
(noOccurence, dateEtHeure, prix, noEvenement, noEmplacement)
VALUES
(153, to_date('2018-07-20:08:30:17', 'yyyy-mm-dd hh24:mi:ss'), 28.55, 30, 16);

INSERT INTO occurence
(noOccurence, dateEtHeure, prix, noEvenement, noEmplacement)
VALUES
(154, to_date('2016-08-17:11:51:29', 'yyyy-mm-dd hh24:mi:ss'), 8.16, 26, 4);

INSERT INTO occurence
(noOccurence, dateEtHeure, prix, noEvenement, noEmplacement)
VALUES
(155, to_date('2019-04-21:21:58:44', 'yyyy-mm-dd hh24:mi:ss'), 61.48, 16, 11);

INSERT INTO occurence
(noOccurence, dateEtHeure, prix, noEvenement, noEmplacement)
VALUES
(156, to_date('2019-11-04:15:13:50', 'yyyy-mm-dd hh24:mi:ss'), 72.93, 68, 8);

INSERT INTO occurence
(noOccurence, dateEtHeure, prix, noEvenement, noEmplacement)
VALUES
(157, to_date('2019-06-17:09:12:49', 'yyyy-mm-dd hh24:mi:ss'), 72.18, 63, 13);

INSERT INTO occurence
(noOccurence, dateEtHeure, prix, noEvenement, noEmplacement)
VALUES
(158, to_date('2017-04-04:17:41:54', 'yyyy-mm-dd hh24:mi:ss'), 27.05, 81, 3);

INSERT INTO occurence
(noOccurence, dateEtHeure, prix, noEvenement, noEmplacement)
VALUES
(159, to_date('2019-08-01:09:01:34', 'yyyy-mm-dd hh24:mi:ss'), 19.47, 50, 16);

INSERT INTO occurence
(noOccurence, dateEtHeure, prix, noEvenement, noEmplacement)
VALUES
(160, to_date('2017-04-12:15:23:12', 'yyyy-mm-dd hh24:mi:ss'), 58.21, 77, 7);

INSERT INTO occurence
(noOccurence, dateEtHeure, prix, noEvenement, noEmplacement)
VALUES
(161, to_date('2020-09-07:08:20:03', 'yyyy-mm-dd hh24:mi:ss'), 9.36, 7, 11);

INSERT INTO occurence
(noOccurence, dateEtHeure, prix, noEvenement, noEmplacement)
VALUES
(162, to_date('2016-07-11:17:32:35', 'yyyy-mm-dd hh24:mi:ss'), 56.14, 61, 1);

INSERT INTO occurence
(noOccurence, dateEtHeure, prix, noEvenement, noEmplacement)
VALUES
(163, to_date('2019-04-02:02:00:19', 'yyyy-mm-dd hh24:mi:ss'), 50.04, 39, 3);

INSERT INTO occurence
(noOccurence, dateEtHeure, prix, noEvenement, noEmplacement)
VALUES
(164, to_date('2020-08-28:18:20:58', 'yyyy-mm-dd hh24:mi:ss'), 66.59, 80, 5);

INSERT INTO occurence
(noOccurence, dateEtHeure, prix, noEvenement, noEmplacement)
VALUES
(165, to_date('2018-02-04:04:06:57', 'yyyy-mm-dd hh24:mi:ss'), 68.48, 66, 12);

INSERT INTO occurence
(noOccurence, dateEtHeure, prix, noEvenement, noEmplacement)
VALUES
(166, to_date('2016-09-01:17:55:03', 'yyyy-mm-dd hh24:mi:ss'), 8.44, 65, 16);

INSERT INTO occurence
(noOccurence, dateEtHeure, prix, noEvenement, noEmplacement)
VALUES
(167, to_date('2020-03-02:21:21:43', 'yyyy-mm-dd hh24:mi:ss'), 14.06, 95, 2);

INSERT INTO occurence
(noOccurence, dateEtHeure, prix, noEvenement, noEmplacement)
VALUES
(168, to_date('2018-02-27:05:06:39', 'yyyy-mm-dd hh24:mi:ss'), 12.60, 66, 10);

INSERT INTO occurence
(noOccurence, dateEtHeure, prix, noEvenement, noEmplacement)
VALUES
(169, to_date('2020-10-30:17:22:10', 'yyyy-mm-dd hh24:mi:ss'), 52.20, 83, 3);

INSERT INTO occurence
(noOccurence, dateEtHeure, prix, noEvenement, noEmplacement)
VALUES
(170, to_date('2020-09-28:04:34:13', 'yyyy-mm-dd hh24:mi:ss'), 7.63, 38, 9);

INSERT INTO occurence
(noOccurence, dateEtHeure, prix, noEvenement, noEmplacement)
VALUES
(171, to_date('2018-11-28:08:45:58', 'yyyy-mm-dd hh24:mi:ss'), 53.01, 27, 7);

INSERT INTO occurence
(noOccurence, dateEtHeure, prix, noEvenement, noEmplacement)
VALUES
(172, to_date('2017-04-09:20:51:33', 'yyyy-mm-dd hh24:mi:ss'), 58.65, 39, 6);

INSERT INTO occurence
(noOccurence, dateEtHeure, prix, noEvenement, noEmplacement)
VALUES
(173, to_date('2018-03-22:10:22:50', 'yyyy-mm-dd hh24:mi:ss'), 52.86, 41, 3);

INSERT INTO occurence
(noOccurence, dateEtHeure, prix, noEvenement, noEmplacement)
VALUES
(174, to_date('2019-12-30:05:52:06', 'yyyy-mm-dd hh24:mi:ss'), 61.91, 27, 6);

INSERT INTO occurence
(noOccurence, dateEtHeure, prix, noEvenement, noEmplacement)
VALUES
(175, to_date('2020-05-19:13:26:11', 'yyyy-mm-dd hh24:mi:ss'), 51.78, 84, 8);

INSERT INTO occurence
(noOccurence, dateEtHeure, prix, noEvenement, noEmplacement)
VALUES
(176, to_date('2020-07-26:04:50:00', 'yyyy-mm-dd hh24:mi:ss'), 41.04, 59, 5);

INSERT INTO occurence
(noOccurence, dateEtHeure, prix, noEvenement, noEmplacement)
VALUES
(177, to_date('2019-02-16:00:41:41', 'yyyy-mm-dd hh24:mi:ss'), 72.86, 54, 8);

INSERT INTO occurence
(noOccurence, dateEtHeure, prix, noEvenement, noEmplacement)
VALUES
(178, to_date('2017-05-29:01:20:38', 'yyyy-mm-dd hh24:mi:ss'), 47.25, 62, 11);

INSERT INTO occurence
(noOccurence, dateEtHeure, prix, noEvenement, noEmplacement)
VALUES
(179, to_date('2017-09-03:18:45:22', 'yyyy-mm-dd hh24:mi:ss'), 29.53, 64, 1);

INSERT INTO occurence
(noOccurence, dateEtHeure, prix, noEvenement, noEmplacement)
VALUES
(180, to_date('2020-07-18:07:06:21', 'yyyy-mm-dd hh24:mi:ss'), 15.38, 52, 15);

INSERT INTO occurence
(noOccurence, dateEtHeure, prix, noEvenement, noEmplacement)
VALUES
(181, to_date('2016-02-16:12:55:39', 'yyyy-mm-dd hh24:mi:ss'), 33.24, 7, 1);

INSERT INTO occurence
(noOccurence, dateEtHeure, prix, noEvenement, noEmplacement)
VALUES
(182, to_date('2019-08-21:04:12:17', 'yyyy-mm-dd hh24:mi:ss'), 43.92, 78, 3);

INSERT INTO occurence
(noOccurence, dateEtHeure, prix, noEvenement, noEmplacement)
VALUES
(183, to_date('2017-12-21:22:10:50', 'yyyy-mm-dd hh24:mi:ss'), 35.86, 21, 5);

INSERT INTO occurence
(noOccurence, dateEtHeure, prix, noEvenement, noEmplacement)
VALUES
(184, to_date('2016-10-09:23:46:07', 'yyyy-mm-dd hh24:mi:ss'), 58.82, 0, 3);

INSERT INTO occurence
(noOccurence, dateEtHeure, prix, noEvenement, noEmplacement)
VALUES
(185, to_date('2020-02-11:08:19:25', 'yyyy-mm-dd hh24:mi:ss'), 70.99, 60, 6);

INSERT INTO occurence
(noOccurence, dateEtHeure, prix, noEvenement, noEmplacement)
VALUES
(186, to_date('2020-04-28:04:52:11', 'yyyy-mm-dd hh24:mi:ss'), 9.29, 31, 11);

INSERT INTO occurence
(noOccurence, dateEtHeure, prix, noEvenement, noEmplacement)
VALUES
(187, to_date('2019-02-14:09:27:20', 'yyyy-mm-dd hh24:mi:ss'), 43.25, 83, 15);

INSERT INTO occurence
(noOccurence, dateEtHeure, prix, noEvenement, noEmplacement)
VALUES
(188, to_date('2017-08-25:07:03:08', 'yyyy-mm-dd hh24:mi:ss'), 74.96, 20, 2);

INSERT INTO occurence
(noOccurence, dateEtHeure, prix, noEvenement, noEmplacement)
VALUES
(189, to_date('2020-03-03:01:31:59', 'yyyy-mm-dd hh24:mi:ss'), 57.72, 20, 10);

INSERT INTO occurence
(noOccurence, dateEtHeure, prix, noEvenement, noEmplacement)
VALUES
(190, to_date('2019-05-06:08:11:27', 'yyyy-mm-dd hh24:mi:ss'), 27.15, 50, 0);

INSERT INTO occurence
(noOccurence, dateEtHeure, prix, noEvenement, noEmplacement)
VALUES
(191, to_date('2019-11-21:19:45:06', 'yyyy-mm-dd hh24:mi:ss'), 65.26, 56, 13);

INSERT INTO occurence
(noOccurence, dateEtHeure, prix, noEvenement, noEmplacement)
VALUES
(192, to_date('2016-11-26:14:07:24', 'yyyy-mm-dd hh24:mi:ss'), 45.24, 77, 13);

INSERT INTO occurence
(noOccurence, dateEtHeure, prix, noEvenement, noEmplacement)
VALUES
(193, to_date('2017-12-20:16:48:52', 'yyyy-mm-dd hh24:mi:ss'), 66.83, 50, 17);

INSERT INTO occurence
(noOccurence, dateEtHeure, prix, noEvenement, noEmplacement)
VALUES
(194, to_date('2020-03-01:13:24:40', 'yyyy-mm-dd hh24:mi:ss'), 73.25, 50, 15);

INSERT INTO occurence
(noOccurence, dateEtHeure, prix, noEvenement, noEmplacement)
VALUES
(195, to_date('2016-02-03:20:17:44', 'yyyy-mm-dd hh24:mi:ss'), 66.93, 34, 9);

INSERT INTO occurence
(noOccurence, dateEtHeure, prix, noEvenement, noEmplacement)
VALUES
(196, to_date('2019-12-09:12:13:28', 'yyyy-mm-dd hh24:mi:ss'), 68.55, 34, 9);

INSERT INTO occurence
(noOccurence, dateEtHeure, prix, noEvenement, noEmplacement)
VALUES
(197, to_date('2018-11-18:04:15:52', 'yyyy-mm-dd hh24:mi:ss'), 15.31, 82, 10);

INSERT INTO occurence
(noOccurence, dateEtHeure, prix, noEvenement, noEmplacement)
VALUES
(198, to_date('2019-09-19:03:23:08', 'yyyy-mm-dd hh24:mi:ss'), 10.23, 89, 4);

INSERT INTO occurence
(noOccurence, dateEtHeure, prix, noEvenement, noEmplacement)
VALUES
(199, to_date('2020-01-10:17:37:33', 'yyyy-mm-dd hh24:mi:ss'), 59.95, 27, 16);

INSERT INTO occurence
(noOccurence, dateEtHeure, prix, noEvenement, noEmplacement)
VALUES
(200, to_date('2018-04-18:17:01:21', 'yyyy-mm-dd hh24:mi:ss'), 27.52, 10, 2);

INSERT INTO transaction
(noTransaction, noClient, noOccurence, statut, codeCoupon, cout, montantPaye, dateEtHeure, modePaiement, nbBillets)
VALUES
(0, 98, 116, 'annulee', NULL, 434.84, 434.84, to_date('2013-06-30:11:12:47', 'yyyy-mm-dd hh24:mi:ss'), 'comptant', 7);

INSERT INTO transaction
(noTransaction, noClient, noOccurence, statut, codeCoupon, cout, montantPaye, dateEtHeure, modePaiement, nbBillets)
VALUES
(1, 5, 168, 'approuvee', NULL, 63.00, 63.00, to_date('2013-12-01:04:48:59', 'yyyy-mm-dd hh24:mi:ss'), 'comptant', 5);

INSERT INTO transaction
(noTransaction, noClient, noOccurence, statut, codeCoupon, cout, montantPaye, dateEtHeure, modePaiement, nbBillets)
VALUES
(2, 13, 36, 'approuvee', 2, 17.8100, 8.905000, to_date('2014-01-02:12:00:24', 'yyyy-mm-dd hh24:mi:ss'), 'comptant', 2);

INSERT INTO transaction
(noTransaction, noClient, noOccurence, statut, codeCoupon, cout, montantPaye, dateEtHeure, modePaiement, nbBillets)
VALUES
(3, 44, 3, 'payee', 3, 32.7873, 29.836443, to_date('2015-01-30:15:42:37', 'yyyy-mm-dd hh24:mi:ss'), 'comptant', 3);

INSERT INTO transaction
(noTransaction, noClient, noOccurence, statut, codeCoupon, cout, montantPaye, dateEtHeure, modePaiement, nbBillets)
VALUES
(4, 97, 85, 'approuvee', NULL, 65.34, 65.34, to_date('2012-08-17:03:50:05', 'yyyy-mm-dd hh24:mi:ss'), 'debit', 1);

INSERT INTO transaction
(noTransaction, noClient, noOccurence, statut, codeCoupon, cout, montantPaye, dateEtHeure, modePaiement, nbBillets)
VALUES
(5, 59, 2, 'approuvee', NULL, 50.75, 50.75, to_date('2015-09-13:10:20:48', 'yyyy-mm-dd hh24:mi:ss'), 'credit', 7);

INSERT INTO transaction
(noTransaction, noClient, noOccurence, statut, codeCoupon, cout, montantPaye, dateEtHeure, modePaiement, nbBillets)
VALUES
(6, 39, 43, 'annulee', NULL, 118.55, 118.55, to_date('2014-05-17:03:08:42', 'yyyy-mm-dd hh24:mi:ss'), 'credit', 5);

INSERT INTO transaction
(noTransaction, noClient, noOccurence, statut, codeCoupon, cout, montantPaye, dateEtHeure, modePaiement, nbBillets)
VALUES
(7, 4, 60, 'payee', NULL, 138.30, 138.30, to_date('2015-06-02:13:24:27', 'yyyy-mm-dd hh24:mi:ss'), 'comptant', 5);

INSERT INTO transaction
(noTransaction, noClient, noOccurence, statut, codeCoupon, cout, montantPaye, dateEtHeure, modePaiement, nbBillets)
VALUES
(8, 37, 18, 'en attente', NULL, 16.34, 16.34, to_date('2012-06-20:23:12:30', 'yyyy-mm-dd hh24:mi:ss'), 'credit', 2);

INSERT INTO transaction
(noTransaction, noClient, noOccurence, statut, codeCoupon, cout, montantPaye, dateEtHeure, modePaiement, nbBillets)
VALUES
(9, 30, 87, 'en attente', NULL, 122.49, 122.49, to_date('2014-11-29:20:22:48', 'yyyy-mm-dd hh24:mi:ss'), 'comptant', 3);

INSERT INTO transaction
(noTransaction, noClient, noOccurence, statut, codeCoupon, cout, montantPaye, dateEtHeure, modePaiement, nbBillets)
VALUES
(10, 41, 79, 'payee', NULL, 310.00, 310.00, to_date('2012-07-30:23:11:00', 'yyyy-mm-dd hh24:mi:ss'), 'credit', 5);

INSERT INTO transaction
(noTransaction, noClient, noOccurence, statut, codeCoupon, cout, montantPaye, dateEtHeure, modePaiement, nbBillets)
VALUES
(11, 96, 5, 'annulee', NULL, 177.24, 177.24, to_date('2014-05-20:07:24:39', 'yyyy-mm-dd hh24:mi:ss'), 'debit', 3);

INSERT INTO transaction
(noTransaction, noClient, noOccurence, statut, codeCoupon, cout, montantPaye, dateEtHeure, modePaiement, nbBillets)
VALUES
(12, 32, 45, 'en attente', NULL, 164.01, 164.01, to_date('2013-10-28:06:19:20', 'yyyy-mm-dd hh24:mi:ss'), 'comptant', 3);

INSERT INTO transaction
(noTransaction, noClient, noOccurence, statut, codeCoupon, cout, montantPaye, dateEtHeure, modePaiement, nbBillets)
VALUES
(13, 27, 39, 'approuvee', NULL, 62.58, 62.58, to_date('2013-08-13:03:24:12', 'yyyy-mm-dd hh24:mi:ss'), 'debit', 3);

INSERT INTO transaction
(noTransaction, noClient, noOccurence, statut, codeCoupon, cout, montantPaye, dateEtHeure, modePaiement, nbBillets)
VALUES
(14, 73, 38, 'en attente', 1, 23.9050, 16.733500, to_date('2015-03-04:07:14:37', 'yyyy-mm-dd hh24:mi:ss'), 'comptant', 1);

INSERT INTO transaction
(noTransaction, noClient, noOccurence, statut, codeCoupon, cout, montantPaye, dateEtHeure, modePaiement, nbBillets)
VALUES
(15, 26, 168, 'payee', NULL, 25.20, 25.20, to_date('2013-05-23:08:16:13', 'yyyy-mm-dd hh24:mi:ss'), 'debit', 2);

INSERT INTO transaction
(noTransaction, noClient, noOccurence, statut, codeCoupon, cout, montantPaye, dateEtHeure, modePaiement, nbBillets)
VALUES
(16, 47, 163, 'payee', 5, 210.1680, 126.100800, to_date('2012-08-05:21:56:58', 'yyyy-mm-dd hh24:mi:ss'), 'credit', 7);

INSERT INTO transaction
(noTransaction, noClient, noOccurence, statut, codeCoupon, cout, montantPaye, dateEtHeure, modePaiement, nbBillets)
VALUES
(17, 96, 129, 'annulee', NULL, 371.28, 371.28, to_date('2012-04-24:10:58:46', 'yyyy-mm-dd hh24:mi:ss'), 'debit', 8);

INSERT INTO transaction
(noTransaction, noClient, noOccurence, statut, codeCoupon, cout, montantPaye, dateEtHeure, modePaiement, nbBillets)
VALUES
(18, 45, 188, 'en attente', NULL, 299.84, 299.84, to_date('2014-05-23:03:30:27', 'yyyy-mm-dd hh24:mi:ss'), 'credit', 4);

INSERT INTO transaction
(noTransaction, noClient, noOccurence, statut, codeCoupon, cout, montantPaye, dateEtHeure, modePaiement, nbBillets)
VALUES
(19, 41, 42, 'approuvee', NULL, 38.46, 38.46, to_date('2015-10-20:16:41:11', 'yyyy-mm-dd hh24:mi:ss'), 'debit', 1);

INSERT INTO transaction
(noTransaction, noClient, noOccurence, statut, codeCoupon, cout, montantPaye, dateEtHeure, modePaiement, nbBillets)
VALUES
(20, 51, 24, 'en attente', NULL, 462.80, 462.80, to_date('2014-02-28:12:38:09', 'yyyy-mm-dd hh24:mi:ss'), 'comptant', 8);

INSERT INTO transaction
(noTransaction, noClient, noOccurence, statut, codeCoupon, cout, montantPaye, dateEtHeure, modePaiement, nbBillets)
VALUES
(21, 82, 27, 'payee', NULL, 376.20, 376.20, to_date('2012-01-31:15:58:17', 'yyyy-mm-dd hh24:mi:ss'), 'debit', 6);

INSERT INTO transaction
(noTransaction, noClient, noOccurence, statut, codeCoupon, cout, montantPaye, dateEtHeure, modePaiement, nbBillets)
VALUES
(22, 78, 1, 'en attente', NULL, 225.84, 225.84, to_date('2014-05-08:05:39:51', 'yyyy-mm-dd hh24:mi:ss'), 'debit', 6);

INSERT INTO transaction
(noTransaction, noClient, noOccurence, statut, codeCoupon, cout, montantPaye, dateEtHeure, modePaiement, nbBillets)
VALUES
(23, 52, 187, 'approuvee', NULL, 302.75, 302.75, to_date('2014-09-02:14:26:44', 'yyyy-mm-dd hh24:mi:ss'), 'credit', 7);

INSERT INTO transaction
(noTransaction, noClient, noOccurence, statut, codeCoupon, cout, montantPaye, dateEtHeure, modePaiement, nbBillets)
VALUES
(24, 37, 187, 'en attente', 1, 181.6500, 127.155000, to_date('2015-07-07:12:07:29', 'yyyy-mm-dd hh24:mi:ss'), 'credit', 6);

INSERT INTO transaction
(noTransaction, noClient, noOccurence, statut, codeCoupon, cout, montantPaye, dateEtHeure, modePaiement, nbBillets)
VALUES
(25, 98, 27, 'annulee', NULL, 438.90, 438.90, to_date('2014-10-20:01:31:11', 'yyyy-mm-dd hh24:mi:ss'), 'credit', 7);

INSERT INTO transaction
(noTransaction, noClient, noOccurence, statut, codeCoupon, cout, montantPaye, dateEtHeure, modePaiement, nbBillets)
VALUES
(26, 95, 193, 'annulee', NULL, 200.49, 200.49, to_date('2015-08-12:20:53:53', 'yyyy-mm-dd hh24:mi:ss'), 'credit', 3);

INSERT INTO transaction
(noTransaction, noClient, noOccurence, statut, codeCoupon, cout, montantPaye, dateEtHeure, modePaiement, nbBillets)
VALUES
(27, 90, 10, 'approuvee', NULL, 192.51, 192.51, to_date('2014-08-17:17:04:43', 'yyyy-mm-dd hh24:mi:ss'), 'comptant', 3);

INSERT INTO transaction
(noTransaction, noClient, noOccurence, statut, codeCoupon, cout, montantPaye, dateEtHeure, modePaiement, nbBillets)
VALUES
(28, 24, 122, 'approuvee', NULL, 138.30, 138.30, to_date('2015-12-24:13:05:25', 'yyyy-mm-dd hh24:mi:ss'), 'comptant', 3);

INSERT INTO transaction
(noTransaction, noClient, noOccurence, statut, codeCoupon, cout, montantPaye, dateEtHeure, modePaiement, nbBillets)
VALUES
(29, 4, 81, 'annulee', 4, 51.3380, 48.771100, to_date('2012-06-30:06:27:03', 'yyyy-mm-dd hh24:mi:ss'), 'credit', 2);

INSERT INTO transaction
(noTransaction, noClient, noOccurence, statut, codeCoupon, cout, montantPaye, dateEtHeure, modePaiement, nbBillets)
VALUES
(30, 62, 186, 'annulee', NULL, 18.58, 18.58, to_date('2015-01-07:00:28:26', 'yyyy-mm-dd hh24:mi:ss'), 'debit', 2);

INSERT INTO transaction
(noTransaction, noClient, noOccurence, statut, codeCoupon, cout, montantPaye, dateEtHeure, modePaiement, nbBillets)
VALUES
(31, 57, 66, 'payee', 1, 4.8090, 3.366300, to_date('2013-10-20:07:34:22', 'yyyy-mm-dd hh24:mi:ss'), 'debit', 1);

INSERT INTO transaction
(noTransaction, noClient, noOccurence, statut, codeCoupon, cout, montantPaye, dateEtHeure, modePaiement, nbBillets)
VALUES
(32, 62, 160, 'annulee', NULL, 174.63, 174.63, to_date('2014-08-24:05:58:57', 'yyyy-mm-dd hh24:mi:ss'), 'debit', 3);

INSERT INTO transaction
(noTransaction, noClient, noOccurence, statut, codeCoupon, cout, montantPaye, dateEtHeure, modePaiement, nbBillets)
VALUES
(33, 62, 187, 'annulee', NULL, 346.00, 346.00, to_date('2016-10-09:21:45:15', 'yyyy-mm-dd hh24:mi:ss'), 'debit', 8);

INSERT INTO transaction
(noTransaction, noClient, noOccurence, statut, codeCoupon, cout, montantPaye, dateEtHeure, modePaiement, nbBillets)
VALUES
(34, 72, 146, 'en attente', NULL, 257.72, 257.72, to_date('2014-10-14:14:48:40', 'yyyy-mm-dd hh24:mi:ss'), 'debit', 4);

INSERT INTO transaction
(noTransaction, noClient, noOccurence, statut, codeCoupon, cout, montantPaye, dateEtHeure, modePaiement, nbBillets)
VALUES
(35, 39, 165, 'en attente', NULL, 410.88, 410.88, to_date('2015-11-17:00:16:14', 'yyyy-mm-dd hh24:mi:ss'), 'debit', 6);

INSERT INTO transaction
(noTransaction, noClient, noOccurence, statut, codeCoupon, cout, montantPaye, dateEtHeure, modePaiement, nbBillets)
VALUES
(36, 78, 195, 'approuvee', 2, 100.3950, 50.197500, to_date('2012-09-14:07:41:06', 'yyyy-mm-dd hh24:mi:ss'), 'debit', 3);

INSERT INTO transaction
(noTransaction, noClient, noOccurence, statut, codeCoupon, cout, montantPaye, dateEtHeure, modePaiement, nbBillets)
VALUES
(37, 38, 64, 'approuvee', NULL, 284.04, 284.04, to_date('2016-07-24:08:48:07', 'yyyy-mm-dd hh24:mi:ss'), 'debit', 6);

INSERT INTO transaction
(noTransaction, noClient, noOccurence, statut, codeCoupon, cout, montantPaye, dateEtHeure, modePaiement, nbBillets)
VALUES
(38, 39, 43, 'annulee', NULL, 165.97, 165.97, to_date('2012-07-29:18:37:43', 'yyyy-mm-dd hh24:mi:ss'), 'credit', 7);

INSERT INTO transaction
(noTransaction, noClient, noOccurence, statut, codeCoupon, cout, montantPaye, dateEtHeure, modePaiement, nbBillets)
VALUES
(39, 26, 133, 'approuvee', NULL, 55.61, 55.61, to_date('2015-02-02:05:45:41', 'yyyy-mm-dd hh24:mi:ss'), 'comptant', 1);

INSERT INTO transaction
(noTransaction, noClient, noOccurence, statut, codeCoupon, cout, montantPaye, dateEtHeure, modePaiement, nbBillets)
VALUES
(40, 55, 3, 'approuvee', NULL, 72.06, 72.06, to_date('2015-07-18:00:51:55', 'yyyy-mm-dd hh24:mi:ss'), 'credit', 6);

INSERT INTO transaction
(noTransaction, noClient, noOccurence, statut, codeCoupon, cout, montantPaye, dateEtHeure, modePaiement, nbBillets)
VALUES
(41, 92, 19, 'annulee', NULL, 155.40, 155.40, to_date('2014-12-08:11:40:07', 'yyyy-mm-dd hh24:mi:ss'), 'credit', 4);

INSERT INTO transaction
(noTransaction, noClient, noOccurence, statut, codeCoupon, cout, montantPaye, dateEtHeure, modePaiement, nbBillets)
VALUES
(42, 14, 13, 'approuvee', NULL, 44.94, 44.94, to_date('2016-01-15:12:46:47', 'yyyy-mm-dd hh24:mi:ss'), 'credit', 1);

INSERT INTO transaction
(noTransaction, noClient, noOccurence, statut, codeCoupon, cout, montantPaye, dateEtHeure, modePaiement, nbBillets)
VALUES
(43, 6, 38, 'annulee', NULL, 170.75, 170.75, to_date('2013-11-11:12:26:40', 'yyyy-mm-dd hh24:mi:ss'), 'debit', 5);

INSERT INTO transaction
(noTransaction, noClient, noOccurence, statut, codeCoupon, cout, montantPaye, dateEtHeure, modePaiement, nbBillets)
VALUES
(44, 55, 164, 'annulee', NULL, 466.13, 466.13, to_date('2016-03-08:00:28:55', 'yyyy-mm-dd hh24:mi:ss'), 'comptant', 7);

INSERT INTO transaction
(noTransaction, noClient, noOccurence, statut, codeCoupon, cout, montantPaye, dateEtHeure, modePaiement, nbBillets)
VALUES
(45, 73, 109, 'en attente', 2, 70.5400, 35.270000, to_date('2016-07-13:10:27:12', 'yyyy-mm-dd hh24:mi:ss'), 'debit', 2);

INSERT INTO transaction
(noTransaction, noClient, noOccurence, statut, codeCoupon, cout, montantPaye, dateEtHeure, modePaiement, nbBillets)
VALUES
(46, 68, 6, 'payee', NULL, 179.06, 179.06, to_date('2015-05-22:06:26:27', 'yyyy-mm-dd hh24:mi:ss'), 'credit', 7);

INSERT INTO transaction
(noTransaction, noClient, noOccurence, statut, codeCoupon, cout, montantPaye, dateEtHeure, modePaiement, nbBillets)
VALUES
(47, 39, 108, 'payee', 2, 90.8700, 45.435000, to_date('2012-05-05:09:07:44', 'yyyy-mm-dd hh24:mi:ss'), 'comptant', 3);

INSERT INTO transaction
(noTransaction, noClient, noOccurence, statut, codeCoupon, cout, montantPaye, dateEtHeure, modePaiement, nbBillets)
VALUES
(48, 61, 5, 'en attente', NULL, 59.08, 59.08, to_date('2014-02-16:17:58:02', 'yyyy-mm-dd hh24:mi:ss'), 'comptant', 1);

INSERT INTO transaction
(noTransaction, noClient, noOccurence, statut, codeCoupon, cout, montantPaye, dateEtHeure, modePaiement, nbBillets)
VALUES
(49, 91, 131, 'payee', 4, 97.2420, 92.379900, to_date('2014-11-17:18:54:47', 'yyyy-mm-dd hh24:mi:ss'), 'debit', 4);

INSERT INTO transaction
(noTransaction, noClient, noOccurence, statut, codeCoupon, cout, montantPaye, dateEtHeure, modePaiement, nbBillets)
VALUES
(50, 72, 144, 'en attente', NULL, 222.42, 222.42, to_date('2014-01-17:23:10:48', 'yyyy-mm-dd hh24:mi:ss'), 'comptant', 3);

INSERT INTO transaction
(noTransaction, noClient, noOccurence, statut, codeCoupon, cout, montantPaye, dateEtHeure, modePaiement, nbBillets)
VALUES
(51, 14, 182, 'approuvee', 3, 39.9672, 36.370152, to_date('2013-09-02:20:33:30', 'yyyy-mm-dd hh24:mi:ss'), 'comptant', 1);

INSERT INTO transaction
(noTransaction, noClient, noOccurence, statut, codeCoupon, cout, montantPaye, dateEtHeure, modePaiement, nbBillets)
VALUES
(52, 90, 78, 'approuvee', NULL, 46.87, 46.87, to_date('2016-07-13:00:18:24', 'yyyy-mm-dd hh24:mi:ss'), 'debit', 1);

INSERT INTO transaction
(noTransaction, noClient, noOccurence, statut, codeCoupon, cout, montantPaye, dateEtHeure, modePaiement, nbBillets)
VALUES
(53, 20, 5, 'payee', NULL, 295.40, 295.40, to_date('2013-08-27:22:27:00', 'yyyy-mm-dd hh24:mi:ss'), 'comptant', 5);

INSERT INTO transaction
(noTransaction, noClient, noOccurence, statut, codeCoupon, cout, montantPaye, dateEtHeure, modePaiement, nbBillets)
VALUES
(54, 40, 61, 'en attente', NULL, 31.05, 31.05, to_date('2013-11-25:17:22:26', 'yyyy-mm-dd hh24:mi:ss'), 'credit', 3);

INSERT INTO transaction
(noTransaction, noClient, noOccurence, statut, codeCoupon, cout, montantPaye, dateEtHeure, modePaiement, nbBillets)
VALUES
(55, 49, 151, 'en attente', NULL, 134.72, 134.72, to_date('2015-04-14:01:34:43', 'yyyy-mm-dd hh24:mi:ss'), 'credit', 2);

INSERT INTO transaction
(noTransaction, noClient, noOccurence, statut, codeCoupon, cout, montantPaye, dateEtHeure, modePaiement, nbBillets)
VALUES
(56, 81, 76, 'annulee', NULL, 152.28, 152.28, to_date('2014-12-25:22:17:27', 'yyyy-mm-dd hh24:mi:ss'), 'debit', 4);

INSERT INTO transaction
(noTransaction, noClient, noOccurence, statut, codeCoupon, cout, montantPaye, dateEtHeure, modePaiement, nbBillets)
VALUES
(57, 11, 75, 'approuvee', NULL, 135.00, 135.00, to_date('2012-09-15:10:34:48', 'yyyy-mm-dd hh24:mi:ss'), 'comptant', 2);

INSERT INTO transaction
(noTransaction, noClient, noOccurence, statut, codeCoupon, cout, montantPaye, dateEtHeure, modePaiement, nbBillets)
VALUES
(58, 27, 154, 'payee', 5, 34.2720, 20.563200, to_date('2015-05-21:15:50:20', 'yyyy-mm-dd hh24:mi:ss'), 'credit', 7);

INSERT INTO transaction
(noTransaction, noClient, noOccurence, statut, codeCoupon, cout, montantPaye, dateEtHeure, modePaiement, nbBillets)
VALUES
(59, 39, 73, 'approuvee', NULL, 485.59, 485.59, to_date('2013-03-31:12:04:28', 'yyyy-mm-dd hh24:mi:ss'), 'credit', 7);

INSERT INTO transaction
(noTransaction, noClient, noOccurence, statut, codeCoupon, cout, montantPaye, dateEtHeure, modePaiement, nbBillets)
VALUES
(60, 72, 43, 'en attente', NULL, 94.84, 94.84, to_date('2014-06-02:06:37:43', 'yyyy-mm-dd hh24:mi:ss'), 'comptant', 4);

INSERT INTO transaction
(noTransaction, noClient, noOccurence, statut, codeCoupon, cout, montantPaye, dateEtHeure, modePaiement, nbBillets)
VALUES
(61, 50, 103, 'en attente', NULL, 124.75, 124.75, to_date('2014-12-10:17:33:23', 'yyyy-mm-dd hh24:mi:ss'), 'debit', 5);

INSERT INTO transaction
(noTransaction, noClient, noOccurence, statut, codeCoupon, cout, montantPaye, dateEtHeure, modePaiement, nbBillets)
VALUES
(62, 69, 51, 'en attente', 4, 105.7920, 100.502400, to_date('2014-01-14:01:28:18', 'yyyy-mm-dd hh24:mi:ss'), 'credit', 3);

INSERT INTO transaction
(noTransaction, noClient, noOccurence, statut, codeCoupon, cout, montantPaye, dateEtHeure, modePaiement, nbBillets)
VALUES
(63, 67, 123, 'annulee', NULL, 326.76, 326.76, to_date('2014-02-05:19:01:38', 'yyyy-mm-dd hh24:mi:ss'), 'credit', 6);

INSERT INTO transaction
(noTransaction, noClient, noOccurence, statut, codeCoupon, cout, montantPaye, dateEtHeure, modePaiement, nbBillets)
VALUES
(64, 36, 38, 'approuvee', NULL, 34.15, 34.15, to_date('2013-01-04:17:29:44', 'yyyy-mm-dd hh24:mi:ss'), 'comptant', 1);

INSERT INTO transaction
(noTransaction, noClient, noOccurence, statut, codeCoupon, cout, montantPaye, dateEtHeure, modePaiement, nbBillets)
VALUES
(65, 28, 152, 'annulee', NULL, 57.21, 57.21, to_date('2013-03-22:20:15:33', 'yyyy-mm-dd hh24:mi:ss'), 'comptant', 1);

INSERT INTO transaction
(noTransaction, noClient, noOccurence, statut, codeCoupon, cout, montantPaye, dateEtHeure, modePaiement, nbBillets)
VALUES
(66, 33, 74, 'approuvee', 4, 55.0620, 52.308900, to_date('2015-01-22:18:30:58', 'yyyy-mm-dd hh24:mi:ss'), 'debit', 2);

INSERT INTO transaction
(noTransaction, noClient, noOccurence, statut, codeCoupon, cout, montantPaye, dateEtHeure, modePaiement, nbBillets)
VALUES
(67, 55, 161, 'payee', NULL, 37.44, 37.44, to_date('2012-07-02:15:50:55', 'yyyy-mm-dd hh24:mi:ss'), 'debit', 4);

INSERT INTO transaction
(noTransaction, noClient, noOccurence, statut, codeCoupon, cout, montantPaye, dateEtHeure, modePaiement, nbBillets)
VALUES
(68, 25, 33, 'payee', 5, 129.3120, 77.587200, to_date('2015-08-03:03:37:28', 'yyyy-mm-dd hh24:mi:ss'), 'credit', 8);

INSERT INTO transaction
(noTransaction, noClient, noOccurence, statut, codeCoupon, cout, montantPaye, dateEtHeure, modePaiement, nbBillets)
VALUES
(69, 10, 56, 'approuvee', NULL, 56.19, 56.19, to_date('2015-12-03:02:45:26', 'yyyy-mm-dd hh24:mi:ss'), 'debit', 3);

INSERT INTO transaction
(noTransaction, noClient, noOccurence, statut, codeCoupon, cout, montantPaye, dateEtHeure, modePaiement, nbBillets)
VALUES
(70, 4, 131, 'en attente', NULL, 102.36, 102.36, to_date('2012-06-27:19:07:32', 'yyyy-mm-dd hh24:mi:ss'), 'debit', 4);

INSERT INTO transaction
(noTransaction, noClient, noOccurence, statut, codeCoupon, cout, montantPaye, dateEtHeure, modePaiement, nbBillets)
VALUES
(71, 41, 16, 'en attente', NULL, 134.46, 134.46, to_date('2014-11-03:05:52:29', 'yyyy-mm-dd hh24:mi:ss'), 'debit', 6);

INSERT INTO transaction
(noTransaction, noClient, noOccurence, statut, codeCoupon, cout, montantPaye, dateEtHeure, modePaiement, nbBillets)
VALUES
(72, 45, 1, 'en attente', NULL, 188.20, 188.20, to_date('2014-07-05:15:59:19', 'yyyy-mm-dd hh24:mi:ss'), 'comptant', 5);

INSERT INTO transaction
(noTransaction, noClient, noOccurence, statut, codeCoupon, cout, montantPaye, dateEtHeure, modePaiement, nbBillets)
VALUES
(73, 63, 14, 'payee', 3, 36.1998, 32.941818, to_date('2015-06-07:16:16:54', 'yyyy-mm-dd hh24:mi:ss'), 'comptant', 3);

INSERT INTO transaction
(noTransaction, noClient, noOccurence, statut, codeCoupon, cout, montantPaye, dateEtHeure, modePaiement, nbBillets)
VALUES
(74, 6, 84, 'payee', NULL, 73.66, 73.66, to_date('2014-07-28:10:25:27', 'yyyy-mm-dd hh24:mi:ss'), 'debit', 2);

INSERT INTO transaction
(noTransaction, noClient, noOccurence, statut, codeCoupon, cout, montantPaye, dateEtHeure, modePaiement, nbBillets)
VALUES
(75, 39, 169, 'approuvee', 1, 36.5400, 25.578000, to_date('2016-02-29:14:52:02', 'yyyy-mm-dd hh24:mi:ss'), 'debit', 1);

INSERT INTO transaction
(noTransaction, noClient, noOccurence, statut, codeCoupon, cout, montantPaye, dateEtHeure, modePaiement, nbBillets)
VALUES
(76, 57, 21, 'approuvee', NULL, 308.58, 308.58, to_date('2015-06-23:18:14:25', 'yyyy-mm-dd hh24:mi:ss'), 'credit', 6);

INSERT INTO transaction
(noTransaction, noClient, noOccurence, statut, codeCoupon, cout, montantPaye, dateEtHeure, modePaiement, nbBillets)
VALUES
(77, 52, 88, 'annulee', 4, 198.9775, 189.028625, to_date('2014-03-20:21:15:37', 'yyyy-mm-dd hh24:mi:ss'), 'comptant', 5);

INSERT INTO transaction
(noTransaction, noClient, noOccurence, statut, codeCoupon, cout, montantPaye, dateEtHeure, modePaiement, nbBillets)
VALUES
(78, 31, 52, 'annulee', NULL, 44.52, 44.52, to_date('2014-05-28:03:28:24', 'yyyy-mm-dd hh24:mi:ss'), 'credit', 7);

INSERT INTO transaction
(noTransaction, noClient, noOccurence, statut, codeCoupon, cout, montantPaye, dateEtHeure, modePaiement, nbBillets)
VALUES
(79, 35, 121, 'payee', NULL, 342.50, 342.50, to_date('2016-07-23:06:52:44', 'yyyy-mm-dd hh24:mi:ss'), 'debit', 5);

INSERT INTO transaction
(noTransaction, noClient, noOccurence, statut, codeCoupon, cout, montantPaye, dateEtHeure, modePaiement, nbBillets)
VALUES
(80, 17, 122, 'payee', NULL, 322.70, 322.70, to_date('2015-05-12:06:59:12', 'yyyy-mm-dd hh24:mi:ss'), 'credit', 7);

INSERT INTO transaction
(noTransaction, noClient, noOccurence, statut, codeCoupon, cout, montantPaye, dateEtHeure, modePaiement, nbBillets)
VALUES
(81, 7, 98, 'approuvee', 2, 273.8400, 136.920000, to_date('2015-10-24:07:43:47', 'yyyy-mm-dd hh24:mi:ss'), 'comptant', 8);

INSERT INTO transaction
(noTransaction, noClient, noOccurence, statut, codeCoupon, cout, montantPaye, dateEtHeure, modePaiement, nbBillets)
VALUES
(82, 26, 84, 'annulee', NULL, 184.15, 184.15, to_date('2016-09-28:17:35:55', 'yyyy-mm-dd hh24:mi:ss'), 'debit', 5);

INSERT INTO transaction
(noTransaction, noClient, noOccurence, statut, codeCoupon, cout, montantPaye, dateEtHeure, modePaiement, nbBillets)
VALUES
(83, 36, 190, 'en attente', NULL, 162.90, 162.90, to_date('2013-10-13:05:58:14', 'yyyy-mm-dd hh24:mi:ss'), 'credit', 6);

INSERT INTO transaction
(noTransaction, noClient, noOccurence, statut, codeCoupon, cout, montantPaye, dateEtHeure, modePaiement, nbBillets)
VALUES
(84, 88, 34, 'en attente', NULL, 56.60, 56.60, to_date('2015-01-29:23:19:34', 'yyyy-mm-dd hh24:mi:ss'), 'debit', 4);

INSERT INTO transaction
(noTransaction, noClient, noOccurence, statut, codeCoupon, cout, montantPaye, dateEtHeure, modePaiement, nbBillets)
VALUES
(85, 32, 42, 'payee', NULL, 269.22, 269.22, to_date('2013-05-21:13:01:30', 'yyyy-mm-dd hh24:mi:ss'), 'comptant', 7);

INSERT INTO transaction
(noTransaction, noClient, noOccurence, statut, codeCoupon, cout, montantPaye, dateEtHeure, modePaiement, nbBillets)
VALUES
(86, 37, 128, 'approuvee', 1, 21.4830, 15.038100, to_date('2016-08-23:21:55:59', 'yyyy-mm-dd hh24:mi:ss'), 'comptant', 1);

INSERT INTO transaction
(noTransaction, noClient, noOccurence, statut, codeCoupon, cout, montantPaye, dateEtHeure, modePaiement, nbBillets)
VALUES
(87, 50, 194, 'approuvee', NULL, 512.75, 512.75, to_date('2012-07-17:14:49:54', 'yyyy-mm-dd hh24:mi:ss'), 'debit', 7);

INSERT INTO transaction
(noTransaction, noClient, noOccurence, statut, codeCoupon, cout, montantPaye, dateEtHeure, modePaiement, nbBillets)
VALUES
(88, 29, 159, 'en attente', NULL, 136.29, 136.29, to_date('2016-10-06:01:12:23', 'yyyy-mm-dd hh24:mi:ss'), 'debit', 7);

INSERT INTO transaction
(noTransaction, noClient, noOccurence, statut, codeCoupon, cout, montantPaye, dateEtHeure, modePaiement, nbBillets)
VALUES
(89, 21, 62, 'annulee', 3, 120.8025, 109.930275, to_date('2015-04-30:13:38:08', 'yyyy-mm-dd hh24:mi:ss'), 'credit', 5);

INSERT INTO transaction
(noTransaction, noClient, noOccurence, statut, codeCoupon, cout, montantPaye, dateEtHeure, modePaiement, nbBillets)
VALUES
(90, 20, 182, 'annulee', NULL, 43.92, 43.92, to_date('2014-05-27:02:36:56', 'yyyy-mm-dd hh24:mi:ss'), 'debit', 1);

INSERT INTO transaction
(noTransaction, noClient, noOccurence, statut, codeCoupon, cout, montantPaye, dateEtHeure, modePaiement, nbBillets)
VALUES
(91, 98, 166, 'payee', NULL, 50.64, 50.64, to_date('2016-06-18:15:46:23', 'yyyy-mm-dd hh24:mi:ss'), 'credit', 6);

INSERT INTO transaction
(noTransaction, noClient, noOccurence, statut, codeCoupon, cout, montantPaye, dateEtHeure, modePaiement, nbBillets)
VALUES
(92, 60, 66, 'en attente', NULL, 6.87, 6.87, to_date('2015-11-09:23:32:54', 'yyyy-mm-dd hh24:mi:ss'), 'credit', 1);

INSERT INTO transaction
(noTransaction, noClient, noOccurence, statut, codeCoupon, cout, montantPaye, dateEtHeure, modePaiement, nbBillets)
VALUES
(93, 29, 185, 'approuvee', 4, 134.8810, 128.136950, to_date('2014-10-17:02:22:50', 'yyyy-mm-dd hh24:mi:ss'), 'credit', 2);

INSERT INTO transaction
(noTransaction, noClient, noOccurence, statut, codeCoupon, cout, montantPaye, dateEtHeure, modePaiement, nbBillets)
VALUES
(94, 21, 184, 'approuvee', NULL, 235.28, 235.28, to_date('2012-12-14:18:11:08', 'yyyy-mm-dd hh24:mi:ss'), 'debit', 4);

INSERT INTO transaction
(noTransaction, noClient, noOccurence, statut, codeCoupon, cout, montantPaye, dateEtHeure, modePaiement, nbBillets)
VALUES
(95, 84, 93, 'en attente', NULL, 25.60, 25.60, to_date('2015-06-06:20:08:36', 'yyyy-mm-dd hh24:mi:ss'), 'credit', 1);

INSERT INTO transaction
(noTransaction, noClient, noOccurence, statut, codeCoupon, cout, montantPaye, dateEtHeure, modePaiement, nbBillets)
VALUES
(96, 32, 3, 'en attente', NULL, 60.05, 60.05, to_date('2014-11-09:15:01:05', 'yyyy-mm-dd hh24:mi:ss'), 'credit', 5);

INSERT INTO transaction
(noTransaction, noClient, noOccurence, statut, codeCoupon, cout, montantPaye, dateEtHeure, modePaiement, nbBillets)
VALUES
(97, 58, 130, 'en attente', NULL, 126.90, 126.90, to_date('2012-10-15:15:19:43', 'yyyy-mm-dd hh24:mi:ss'), 'comptant', 5);

INSERT INTO transaction
(noTransaction, noClient, noOccurence, statut, codeCoupon, cout, montantPaye, dateEtHeure, modePaiement, nbBillets)
VALUES
(98, 62, 24, 'en attente', NULL, 289.25, 289.25, to_date('2015-11-26:21:22:28', 'yyyy-mm-dd hh24:mi:ss'), 'debit', 5);

INSERT INTO transaction
(noTransaction, noClient, noOccurence, statut, codeCoupon, cout, montantPaye, dateEtHeure, modePaiement, nbBillets)
VALUES
(99, 67, 115, 'approuvee', 3, 48.0298, 43.707118, to_date('2014-03-17:22:05:04', 'yyyy-mm-dd hh24:mi:ss'), 'credit', 2);

